Workbook

Sheet Настройки
A2: Концепции критерии и участники
A4: Замените названия и критерии перед оцениванием. Цветные ячейки доступны для ввода.
A6: Код эксперта | B6: ФИО
A7: Э1 | B7: Кветкин Дмитрий Евгеньевич
A8: Э2 | B8: Колбасин Николай Владимирович
A9: Э3 | B9: Добросоцкий Михаил Сергеевич
A10: Э4 | B10: Катаев Максим Игоревич
A13: Код проекта | B13: Название | C13: Статус
A14: A1 | B14: Детейлинг-центр | C14: Предложение
A15: A2 | B15: Планировщик покупок | C15: Предложение
A16: A3 | B16: Концепция 3 | C16: Заменить
A17: A4 | B17: Концепция 4 | C17: Заменить
A20: Код критерия | B20: Название | C20: Направление | D20: Что оцениваем
A21: K1 | B21: Практическая полезность | C21: MAX | D21: Польза приложения для выбранных пользователей
A22: K2 | B22: Простота реализации | C22: MAX | D22: Чем проще минимальная версия, тем выше оценка
A23: K3 | B23: Удобство оценки и планирования | C23: MAX | D23: Понятность сценариев, данных и задач для следующих фаз
A24: K4 | B24: Интерес команды | C24: MAX | D24: Интерес и знакомство участников с предметной областью
A27: MAX: больше лучше. MIN: меньше лучше. В МАИ всегда сравнивается предпочтительность.
A29: Параметр | B29: Значение
A30: Максимум шкалы TOPSIS | B30: 9
A31: Порог согласованности CR | B31: 0.1
A32: RI для матрицы 4 × 4 | B32: 0.9
A35: 4 эксперта имеют одинаковый вес. TOPSIS: тройка MIN / MEDIAN / MAX.
A37: Это адаптация трёх экспертных оценок из задания для команды из 4 человек.
A40: Методические источники
A41: Chen C.-T. 2000 | B41: https://doi.org/10.1016/S0165-0114(97)00377-1
A42: Saaty T. L. 2008 | B42: https://doi.org/10.1504/IJSSCI.2008.017590
A43: Xu Z. 2000: коллективный МАИ | B43: https://doi.org/10.1016/S0377-2217(99)00082-X

Sheet Концепции
A1: Концепции проектов
A2: Согласуйте 4 концепции и критерии, затем каждый независимо оценивает все проекты.
A3: Названия связаны с «Настройками». Заполняйте жёлтые ячейки; требуется 10–15 сценариев на концепцию.
A5: A1: описание концепции
A6: Код | B6: A1
A7: Название для рейтингов | B7: ='Настройки'!B14 -> Детейлинг-центр
A8: Полное название | B8: Система записи и управления заказами детейлинг-центра
A9: Предложил | B9: ='Настройки'!B7 -> Кветкин Дмитрий Евгеньевич
A10: Назначение | B10: Запись клиентов на услуги, распределение заказов между мастерами и отслеживание выполнения.
A11: Пользователи | B11: Клиент, администратор, мастер.
A12: Минимальная версия | B12: Веб-приложение одного центра: учётные записи, автомобили, каталог услуг, расписание, заказы, назначение мастеров и отчёт.
A13: За пределами проекта | B13: Онлайн-оплата, складской учёт, закупки, бухгалтерские интеграции, SMS и мобильное приложение.
A14: Упрощения и правила | B14: Один заказ - один автомобиль и одна услуга фиксированной длительности; работы выполняет один мастер. Пересечения времени запрещены.
A15: Состояние описания | B15: Предложена для сравнения. Подготовлено 12 сценариев; выбор проекта и критериев согласует команда.
A16: № | B16: Пользователь | C16: Действие | D16: Результат системы
A17: 1 | B17: Пользователь | C17: Регистрируется и входит в личный кабинет. | D17: Сохраняет учётную запись и предоставляет доступ по роли.
A18: 2 | B18: Клиент | C18: Добавляет марку, модель и госномер автомобиля. | D18: Сохраняет автомобиль в профиле клиента.
A19: 3 | B19: Клиент | C19: Просматривает каталог услуг. | D19: Показывает услуги, цены и продолжительность работ.
A20: 4 | B20: Клиент | C20: Выбирает услугу и дату. | D20: Показывает свободное время с учётом длительности услуги и занятости мастеров.
A21: 5 | B21: Клиент | C21: Создаёт запись на выбранное время. | D21: Сохраняет заказ и резервирует время; повторная запись на занятый интервал запрещена.
A22: 6 | B22: Клиент | C22: Переносит запись на свободное время. | D22: Резервирует новый интервал и освобождает прежний.
A23: 7 | B23: Клиент | C23: Отменяет запись до начала работ. | D23: Меняет статус на «Отменён» и освобождает время.
A24: 8 | B24: Администратор | C24: Подтверждает запись или отклоняет с указанием причины. | D24: Сохраняет решение; при отклонении освобождает время.
A25: 9 | B25: Администратор | C25: Назначает свободного мастера на заказ. | D25: Сохраняет назначение и проверяет отсутствие пересечений его заказов.
A26: 10 | B26: Мастер | C26: Меняет статус своего заказа на «В работе» или «Завершён». | D26: Сохраняет статус; клиент и администратор видят его в заказе.
A27: 11 | B27: Администратор | C27: Добавляет услуги или изменяет цены. | D27: Обновляет каталог; стоимость уже созданных заказов сохраняется.
A28: 12 | B28: Администратор | C28: Выбирает период отчёта. | D28: Показывает завершённые заказы и их общую стоимость; это стоимость заказов, а не подтверждение оплаты.
A29: 13
A30: 14
A31: 15
A33: A2: описание концепции
A34: Код | B34: A2
A35: Название для рейтингов | B35: ='Настройки'!B15 -> Планировщик покупок
A36: Полное название | B36: Приложение для автоматизированного формирования и оптимизации списка покупок на основе недельного меню.
A37: Предложил | B37: ='Настройки'!B9 -> Добросоцкий Михаил Сергеевич
A38: Назначение | B38: Приложение, которое автоматически преобразует составленное пользователем меню на неделю в оптимизированный список покупок с учётом необходимых объёмов ингредиентов, стандартных размеров упаковок, имеющихся дома продуктов и возможности использовать один продукт в нескольких блюдах. Система суммирует одинаковые ингредиенты, рассчитывает необходимое количество упаковок и формирует единый список покупок, помогая сократить время планирования и уменьшить количество излишне приобретённых продуктов.
A39: Пользователи | B39: Спортсмены которым необходимо составлять план питания под свои КБЖУ, студенты и рабочие которым необходимо меньше задуматься о том что купить, семьи которым удобнее контролировать большой объем потребления пищи
A40: Минимальная версия | B40: Возможность выбирать блюда из каталога или создавать собственные рецепты, указывать количество порций и составлять меню; возможность рассчета остатков продуктов; приложение должно суммировать одинаковые ингредиенты из всех блюд; округлять необходимое количество до целых упаковок; формировать итоговый список покупок; редактирование списка; отметка купленных продуктов.
A41: За пределами проекта | B41: Интеграция с реальными онлайн-магазинами и автоматическое оформление заказов; автоматическое распознавание продуктов по фотографиям; генерация рецептов с помощью искусственного интеллекта; список любимых блюд
A42: Упрощения и правила | B42: Меню планируется на одну неделю; пользователь самостоятельно выбирает блюда и задаёт количество порций; каждый рецепт содержит заранее определённый список ингредиентов с количеством и единицами измерения; одинаковые продукты из разных блюд объединяются в одну позицию списка покупок; количество приобретаемых упаковок должно быть целым и достаточным для приготовления; система не учитывает фактические остатки продуктов после окончания недели и изменение сроков их хранения
A43: Состояние описания | B43: Предложена для сравнения.
A44: № | B44: Пользователь | C44: Действие | D44: Результат системы
A45: 1 | B45: Пользователь | C45: Выбирает блюда из каталога рецептов или создаёт собственные рецепты, указывая ингредиенты и их количество | D45: Система сохраняет рецепты и делает их доступными для формирования меню
A46: 2 | B46: Пользователь | C46: Формирует меню на неделю, распределяет блюда по дням и задаёт количество порций | D46: Система сохраняет недельное меню и рассчитывает необходимые количества ингредиентов для каждого блюда
A47: 3 | B47: Пользователь | C47: Запускает расчёт списка покупок на основе сформированного меню | D47: Система суммирует одинаковые ингредиенты из всех блюд и формирует перечень общей потребности в продуктах
A48: 4 | B48: Пользователь | C48: Указывает продукты, которые уже имеются дома, и их количество | D48: Система вычитает имеющиеся запасы из общей потребности и определяет недостающее количество каждого продукта
A49: 5 | B49: Пользователь | C49: Запрашивает оптимизированный список покупок | D49: Система округляет необходимые количества до целых упаковок, выбирает подходящие варианты продуктов и выводит итоговый список покупок(Например, если требуется 14 яиц, а доступны упаковки по 10 штук, система предлагает купить две упаковки)
A50: 6 | B50: Пользователь | C50: Изменяет количество порций для одного из блюд в меню | D50: Система пересчитывает количество ингредиентов для изменённого блюда и обновляет общую потребность в продуктах
A51: 7 | B51: Пользователь | C51: Изменяет состав блюда или количество одного из ингредиентов в собственном рецепте | D51: Система сохраняет изменения и учитывает обновлённый состав блюда при расчёте списка покупок
A52: 8 | B52: Пользователь | C52: Удаляет блюдо из недельного меню или заменяет его другим | D52: Система пересчитывает общую потребность в продуктах с учётом изменений меню
A53: 9 | B53: Пользователь | C53: Добавляет продукт, который необходимо купить, но который не входит в состав запланированных блюд | D53: Система добавляет продукт в общий список покупок с указанным количеством
A54: 10 | B54: Пользователь | C54: Изменяет количество продукта, которое уже имеется дома | D54: Система пересчитывает недостающее количество продукта с учётом обновлённого остатка
A55: 11 | B55: Пользователь | C55: Просматривает итоговый список покупок, сгруппированный по категориям продуктов | D55: Система отображает продукты по категориям, например мясо, молочные продукты, крупы, овощи и фрукты
A56: 12 | B56: Пользователь | C56: Отмечает продукт как купленный во время похода в магазин | D56: Система отмечает выбранную позицию как приобретённую и отображает актуальный статус списка покупок
... A58: 14 | B58: Пользователь | C58: Сохраняет составленное меню для повторного использования | D58: Система сохраняет меню и позволяет использовать его как основу для планирования следующей недели
A59: 15
A61: A3: описание концепции
A62: Код | B62: A3
A63: Название для рейтингов | B63: ='Настройки'!B16 -> Концепция 3
A64: Полное название
A65: Предложил
A66: Назначение
A67: Пользователи
A68: Минимальная версия
A69: За пределами проекта
A70: Упрощения и правила
A71: Состояние описания | B71: Не заполнено
A72: № | B72: Пользователь | C72: Действие | D72: Результат системы
A73: 1
A74: 2
A75: 3
A76: 4
A77: 5
A78: 6
A79: 7
A80: 8
A81: 9
A82: 10
A83: 11
A84: 12
... A87: 15
A89: A4: описание концепции
A90: Код | B90: A4
A91: Название для рейтингов | B91: ='Настройки'!B17 -> Концепция 4
A92: Полное название
A93: Предложил
A94: Назначение
A95: Пользователи
A96: Минимальная версия
A97: За пределами проекта
A98: Упрощения и правила
A99: Состояние описания | B99: Не заполнено
A100: № | B100: Пользователь | C100: Действие | D100: Результат системы
A101: 1
A102: 2
A103: 3
A104: 4
A105: 5
A106: 6
A107: 7
...

Sheet Эксперт 1
A2: Индивидуальные оценки эксперта 1
A4: Участник | B4: ='Настройки'!B7 -> Кветкин Дмитрий Евгеньевич
A5: Заполняйте только жёлтые ячейки. Не копируйте оценки других участников.
A7: TOPSIS: важность критерия | B7: Оценка 1–9
A8: ='Настройки'!B21 -> Практическая полезность
A9: ='Настройки'!B22 -> Простота реализации
A10: ='Настройки'!B23 -> Удобство оценки и планирования
A11: ='Настройки'!B24 -> Интерес команды
A13: TOPSIS: оценка проекта | B13: ='Настройки'!B21 -> Практическая полезность | C13: ='Настройки'!B22 -> Простота реализации | D13: ='Настройки'!B23 -> Удобство оценки и планирования | E13: ='Настройки'!B24 -> Интерес команды
A14: ='Настройки'!B14 -> Детейлинг-центр | B14: 8 | C14: 7 | D14: 9 | E14: 9
A15: ='Настройки'!B15 -> Планировщик покупок
A16: ='Настройки'!B16 -> Концепция 3
A17: ='Настройки'!B17 -> Концепция 4
A19: Оценок TOPSIS заполнено / 20 | B19: =COUNT(B8:B11,B14:E17) -> 4
A21: МАИ: 1 равноценно; 3 умеренно; 5 сильно; 7 очень сильно; 9 предельно.
A22: Если строка уступает столбцу, вводите =1/3, =1/5 и т. п.
A24: МАИ: сравнение важности критериев
A25: Строка предпочтительнее столбца | B25: ='Настройки'!B21 -> Практическая полезность | C25: ='Настройки'!B22 -> Простота реализации | D25: ='Настройки'!B23 -> Удобство оценки и планирования | E25: ='Настройки'!B24 -> Интерес команды
A26: ='Настройки'!B21 -> Практическая полезность | B26: 1
A27: ='Настройки'!B22 -> Простота реализации | B27: =IF(COUNT(C26)=0,"",1/C26) | C27: 1
A28: ='Настройки'!B23 -> Удобство оценки и планирования | B28: =IF(COUNT(D26)=0,"",1/D26) | C28: =IF(COUNT(D27)=0,"",1/D27) | D28: 1
A29: ='Настройки'!B24 -> Интерес команды | B29: =IF(COUNT(E26)=0,"",1/E26) | C29: =IF(COUNT(E27)=0,"",1/E27) | D29: =IF(COUNT(E28)=0,"",1/E28) | E29: 1
A31: CR: допустимо не более 0,10 | B31: =IF(COUNT('МАИ'!B98)=0,"",'МАИ'!B98) | C31: =IF(COUNT(B31)=0,"Нет оценок",IF(B31<='Настройки'!$B$31,"Согласовано","Пересмотреть")) -> Нет оценок
A36: МАИ: проекты по критерию K1 | B36: ='Настройки'!B21 -> Практическая полезность
A37: Строка предпочтительнее столбца | B37: ='Настройки'!B14 -> Детейлинг-центр | C37: ='Настройки'!B15 -> Планировщик покупок | D37: ='Настройки'!B16 -> Концепция 3 | E37: ='Настройки'!B17 -> Концепция 4
A38: ='Настройки'!B14 -> Детейлинг-центр | B38: 1
A39: ='Настройки'!B15 -> Планировщик покупок | B39: =IF(COUNT(C38)=0,"",1/C38) | C39: 1
A40: ='Настройки'!B16 -> Концепция 3 | B40: =IF(COUNT(D38)=0,"",1/D38) | C40: =IF(COUNT(D39)=0,"",1/D39) | D40: 1
A41: ='Настройки'!B17 -> Концепция 4 | B41: =IF(COUNT(E38)=0,"",1/E38) | C41: =IF(COUNT(E39)=0,"",1/E39) | D41: =IF(COUNT(E40)=0,"",1/E40) | E41: 1
A43: CR: допустимо не более 0,10 | B43: =IF(COUNT('МАИ'!B112)=0,"",'МАИ'!B112) | C43: =IF(COUNT(B43)=0,"Нет оценок",IF(B43<='Настройки'!$B$31,"Согласовано","Пересмотреть")) -> Нет оценок
A48: МАИ: проекты по критерию K2 | B48: ='Настройки'!B22 -> Простота реализации
A49: Строка предпочтительнее столбца | B49: ='Настройки'!B14 -> Детейлинг-центр | C49: ='Настройки'!B15 -> Планировщик покупок | D49: ='Настройки'!B16 -> Концепция 3 | E49: ='Настройки'!B17 -> Концепция 4
A50: ='Настройки'!B14 -> Детейлинг-центр | B50: 1
A51: ='Настройки'!B15 -> Планировщик покупок | B51: =IF(COUNT(C50)=0,"",1/C50) | C51: 1
A52: ='Настройки'!B16 -> Концепция 3 | B52: =IF(COUNT(D50)=0,"",1/D50) | C52: =IF(COUNT(D51)=0,"",1/D51) | D52: 1
A53: ='Настройки'!B17 -> Концепция 4 | B53: =IF(COUNT(E50)=0,"",1/E50) | C53: =IF(COUNT(E51)=0,"",1/E51) | D53: =IF(COUNT(E52)=0,"",1/E52) | E53: 1
A55: CR: допустимо не более 0,10 | B55: =IF(COUNT('МАИ'!B126)=0,"",'МАИ'!B126) | C55: =IF(COUNT(B55)=0,"Нет оценок",IF(B55<='Настройки'!$B$31,"Согласовано","Пересмотреть")) -> Нет оценок
A60: МАИ: проекты по критерию K3 | B60: ='Настройки'!B23 -> Удобство оценки и планирования
A61: Строка предпочтительнее столбца | B61: ='Настройки'!B14 -> Детейлинг-центр | C61: ='Настройки'!B15 -> Планировщик покупок | D61: ='Настройки'!B16 -> Концепция 3 | E61: ='Настройки'!B17 -> Концепция 4
A62: ='Настройки'!B14 -> Детейлинг-центр | B62: 1
A63: ='Настройки'!B15 -> Планировщик покупок | B63: =IF(COUNT(C62)=0,"",1/C62) | C63: 1
A64: ='Настройки'!B16 -> Концепция 3 | B64: =IF(COUNT(D62)=0,"",1/D62) | C64: =IF(COUNT(D63)=0,"",1/D63) | D64: 1
A65: ='Настройки'!B17 -> Концепция 4 | B65: =IF(COUNT(E62)=0,"",1/E62) | C65: =IF(COUNT(E63)=0,"",1/E63) | D65: =IF(COUNT(E64)=0,"",1/E64) | E65: 1
A67: CR: допустимо не более 0,10 | B67: =IF(COUNT('МАИ'!B140)=0,"",'МАИ'!B140) | C67: =IF(COUNT(B67)=0,"Нет оценок",IF(B67<='Настройки'!$B$31,"Согласовано","Пересмотреть")) -> Нет оценок
A72: МАИ: проекты по критерию K4 | B72: ='Настройки'!B24 -> Интерес команды
A73: Строка предпочтительнее столбца | B73: ='Настройки'!B14 -> Детейлинг-центр | C73: ='Настройки'!B15 -> Планировщик покупок | D73: ='Настройки'!B16 -> Концепция 3 | E73: ='Настройки'!B17 -> Концепция 4
A74: ='Настройки'!B14 -> Детейлинг-центр | B74: 1
A75: ='Настройки'!B15 -> Планировщик покупок | B75: =IF(COUNT(C74)=0,"",1/C74) | C75: 1
A76: ='Настройки'!B16 -> Концепция 3 | B76: =IF(COUNT(D74)=0,"",1/D74) | C76: =IF(COUNT(D75)=0,"",1/D75) | D76: 1
A77: ='Настройки'!B17 -> Концепция 4 | B77: =IF(COUNT(E74)=0,"",1/E74) | C77: =IF(COUNT(E75)=0,"",1/E75) | D77: =IF(COUNT(E76)=0,"",1/E76) | E77: 1
A79: CR: допустимо не более 0,10 | B79: =IF(COUNT('МАИ'!B154)=0,"",'МАИ'!B154) | C79: =IF(COUNT(B79)=0,"Нет оценок",IF(B79<='Настройки'!$B$31,"Согласовано","Пересмотреть")) -> Нет оценок

Sheet Эксперт 2
A2: Индивидуальные оценки эксперта 2
A4: Участник | B4: ='Настройки'!B8 -> Колбасин Николай Владимирович
A5: Заполняйте только жёлтые ячейки. Не копируйте оценки других участников.
A7: TOPSIS: важность критерия | B7: Оценка 1–9
A8: ='Настройки'!B21 -> Практическая полезность
A9: ='Настройки'!B22 -> Простота реализации
A10: ='Настройки'!B23 -> Удобство оценки и планирования
A11: ='Настройки'!B24 -> Интерес команды
A13: TOPSIS: оценка проекта | B13: ='Настройки'!B21 -> Практическая полезность | C13: ='Настройки'!B22 -> Простота реализации | D13: ='Настройки'!B23 -> Удобство оценки и планирования | E13: ='Настройки'!B24 -> Интерес команды
A14: ='Настройки'!B14 -> Детейлинг-центр
A15: ='Настройки'!B15 -> Планировщик покупок
A16: ='Настройки'!B16 -> Концепция 3
A17: ='Настройки'!B17 -> Концепция 4
A19: Оценок TOPSIS заполнено / 20 | B19: =COUNT(B8:B11,B14:E17) -> 0
A21: МАИ: 1 равноценно; 3 умеренно; 5 сильно; 7 очень сильно; 9 предельно.
A22: Если строка уступает столбцу, вводите =1/3, =1/5 и т. п.
A24: МАИ: сравнение важности критериев
A25: Строка предпочтительнее столбца | B25: ='Настройки'!B21 -> Практическая полезность | C25: ='Настройки'!B22 -> Простота реализации | D25: ='Настройки'!B23 -> Удобство оценки и планирования | E25: ='Настройки'!B24 -> Интерес команды
A26: ='Настройки'!B21 -> Практическая полезность | B26: 1
A27: ='Настройки'!B22 -> Простота реализации | B27: =IF(COUNT(C26)=0,"",1/C26) | C27: 1
A28: ='Настройки'!B23 -> Удобство оценки и планирования | B28: =IF(COUNT(D26)=0,"",1/D26) | C28: =IF(COUNT(D27)=0,"",1/D27) | D28: 1
A29: ='Настройки'!B24 -> Интерес команды | B29: =IF(COUNT(E26)=0,"",1/E26) | C29: =IF(COUNT(E27)=0,"",1/E27) | D29: =IF(COUNT(E28)=0,"",1/E28) | E29: 1
A31: CR: допустимо не более 0,10 | B31: =IF(COUNT('МАИ'!B168)=0,"",'МАИ'!B168) | C31: =IF(COUNT(B31)=0,"Нет оценок",IF(B31<='Настройки'!$B$31,"Согласовано","Пересмотреть")) -> Нет оценок
A36: МАИ: проекты по критерию K1 | B36: ='Настройки'!B21 -> Практическая полезность
A37: Строка предпочтительнее столбца | B37: ='Настройки'!B14 -> Детейлинг-центр | C37: ='Настройки'!B15 -> Планировщик покупок | D37: ='Настройки'!B16 -> Концепция 3 | E37: ='Настройки'!B17 -> Концепция 4
A38: ='Настройки'!B14 -> Детейлинг-центр | B38: 1
A39: ='Настройки'!B15 -> Планировщик покупок | B39: =IF(COUNT(C38)=0,"",1/C38) | C39: 1
A40: ='Настройки'!B16 -> Концепция 3 | B40: =IF(COUNT(D38)=0,"",1/D38) | C40: =IF(COUNT(D39)=0,"",1/D39) | D40: 1
A41: ='Настройки'!B17 -> Концепция 4 | B41: =IF(COUNT(E38)=0,"",1/E38) | C41: =IF(COUNT(E39)=0,"",1/E39) | D41: =IF(COUNT(E40)=0,"",1/E40) | E41: 1
A43: CR: допустимо не более 0,10 | B43: =IF(COUNT('МАИ'!B182)=0,"",'МАИ'!B182) | C43: =IF(COUNT(B43)=0,"Нет оценок",IF(B43<='Настройки'!$B$31,"Согласовано","Пересмотреть")) -> Нет оценок
A48: МАИ: проекты по критерию K2 | B48: ='Настройки'!B22 -> Простота реализации
A49: Строка предпочтительнее столбца | B49: ='Настройки'!B14 -> Детейлинг-центр | C49: ='Настройки'!B15 -> Планировщик покупок | D49: ='Настройки'!B16 -> Концепция 3 | E49: ='Настройки'!B17 -> Концепция 4
A50: ='Настройки'!B14 -> Детейлинг-центр | B50: 1
A51: ='Настройки'!B15 -> Планировщик покупок | B51: =IF(COUNT(C50)=0,"",1/C50) | C51: 1
A52: ='Настройки'!B16 -> Концепция 3 | B52: =IF(COUNT(D50)=0,"",1/D50) | C52: =IF(COUNT(D51)=0,"",1/D51) | D52: 1
A53: ='Настройки'!B17 -> Концепция 4 | B53: =IF(COUNT(E50)=0,"",1/E50) | C53: =IF(COUNT(E51)=0,"",1/E51) | D53: =IF(COUNT(E52)=0,"",1/E52) | E53: 1
A55: CR: допустимо не более 0,10 | B55: =IF(COUNT('МАИ'!B196)=0,"",'МАИ'!B196) | C55: =IF(COUNT(B55)=0,"Нет оценок",IF(B55<='Настройки'!$B$31,"Согласовано","Пересмотреть")) -> Нет оценок
A60: МАИ: проекты по критерию K3 | B60: ='Настройки'!B23 -> Удобство оценки и планирования
A61: Строка предпочтительнее столбца | B61: ='Настройки'!B14 -> Детейлинг-центр | C61: ='Настройки'!B15 -> Планировщик покупок | D61: ='Настройки'!B16 -> Концепция 3 | E61: ='Настройки'!B17 -> Концепция 4
A62: ='Настройки'!B14 -> Детейлинг-центр | B62: 1
A63: ='Настройки'!B15 -> Планировщик покупок | B63: =IF(COUNT(C62)=0,"",1/C62) | C63: 1
A64: ='Настройки'!B16 -> Концепция 3 | B64: =IF(COUNT(D62)=0,"",1/D62) | C64: =IF(COUNT(D63)=0,"",1/D63) | D64: 1
A65: ='Настройки'!B17 -> Концепция 4 | B65: =IF(COUNT(E62)=0,"",1/E62) | C65: =IF(COUNT(E63)=0,"",1/E63) | D65: =IF(COUNT(E64)=0,"",1/E64) | E65: 1
A67: CR: допустимо не более 0,10 | B67: =IF(COUNT('МАИ'!B210)=0,"",'МАИ'!B210) | C67: =IF(COUNT(B67)=0,"Нет оценок",IF(B67<='Настройки'!$B$31,"Согласовано","Пересмотреть")) -> Нет оценок
A72: МАИ: проекты по критерию K4 | B72: ='Настройки'!B24 -> Интерес команды
A73: Строка предпочтительнее столбца | B73: ='Настройки'!B14 -> Детейлинг-центр | C73: ='Настройки'!B15 -> Планировщик покупок | D73: ='Настройки'!B16 -> Концепция 3 | E73: ='Настройки'!B17 -> Концепция 4
A74: ='Настройки'!B14 -> Детейлинг-центр | B74: 1
A75: ='Настройки'!B15 -> Планировщик покупок | B75: =IF(COUNT(C74)=0,"",1/C74) | C75: 1
A76: ='Настройки'!B16 -> Концепция 3 | B76: =IF(COUNT(D74)=0,"",1/D74) | C76: =IF(COUNT(D75)=0,"",1/D75) | D76: 1
A77: ='Настройки'!B17 -> Концепция 4 | B77: =IF(COUNT(E74)=0,"",1/E74) | C77: =IF(COUNT(E75)=0,"",1/E75) | D77: =IF(COUNT(E76)=0,"",1/E76) | E77: 1
A79: CR: допустимо не более 0,10 | B79: =IF(COUNT('МАИ'!B224)=0,"",'МАИ'!B224) | C79: =IF(COUNT(B79)=0,"Нет оценок",IF(B79<='Настройки'!$B$31,"Согласовано","Пересмотреть")) -> Нет оценок

Sheet Эксперт 3
A2: Индивидуальные оценки эксперта 3
A4: Участник | B4: ='Настройки'!B9 -> Добросоцкий Михаил Сергеевич
A5: Заполняйте только жёлтые ячейки. Не копируйте оценки других участников.
A7: TOPSIS: важность критерия | B7: Оценка 1–9
A8: ='Настройки'!B21 -> Практическая полезность
A9: ='Настройки'!B22 -> Простота реализации
A10: ='Настройки'!B23 -> Удобство оценки и планирования
A11: ='Настройки'!B24 -> Интерес команды
A13: TOPSIS: оценка проекта | B13: ='Настройки'!B21 -> Практическая полезность | C13: ='Настройки'!B22 -> Простота реализации | D13: ='Настройки'!B23 -> Удобство оценки и планирования | E13: ='Настройки'!B24 -> Интерес команды
A14: ='Настройки'!B14 -> Детейлинг-центр
A15: ='Настройки'!B15 -> Планировщик покупок
A16: ='Настройки'!B16 -> Концепция 3
A17: ='Настройки'!B17 -> Концепция 4
A19: Оценок TOPSIS заполнено / 20 | B19: =COUNT(B8:B11,B14:E17) -> 0
A21: МАИ: 1 равноценно; 3 умеренно; 5 сильно; 7 очень сильно; 9 предельно.
A22: Если строка уступает столбцу, вводите =1/3, =1/5 и т. п.
A24: МАИ: сравнение важности критериев
A25: Строка предпочтительнее столбца | B25: ='Настройки'!B21 -> Практическая полезность | C25: ='Настройки'!B22 -> Простота реализации | D25: ='Настройки'!B23 -> Удобство оценки и планирования | E25: ='Настройки'!B24 -> Интерес команды
A26: ='Настройки'!B21 -> Практическая полезность | B26: 1
A27: ='Настройки'!B22 -> Простота реализации | B27: =IF(COUNT(C26)=0,"",1/C26) | C27: 1
A28: ='Настройки'!B23 -> Удобство оценки и планирования | B28: =IF(COUNT(D26)=0,"",1/D26) | C28: =IF(COUNT(D27)=0,"",1/D27) | D28: 1
A29: ='Настройки'!B24 -> Интерес команды | B29: =IF(COUNT(E26)=0,"",1/E26) | C29: =IF(COUNT(E27)=0,"",1/E27) | D29: =IF(COUNT(E28)=0,"",1/E28) | E29: 1
A31: CR: допустимо не более 0,10 | B31: =IF(COUNT('МАИ'!B238)=0,"",'МАИ'!B238) | C31: =IF(COUNT(B31)=0,"Нет оценок",IF(B31<='Настройки'!$B$31,"Согласовано","Пересмотреть")) -> Нет оценок
A36: МАИ: проекты по критерию K1 | B36: ='Настройки'!B21 -> Практическая полезность
A37: Строка предпочтительнее столбца | B37: ='Настройки'!B14 -> Детейлинг-центр | C37: ='Настройки'!B15 -> Планировщик покупок | D37: ='Настройки'!B16 -> Концепция 3 | E37: ='Настройки'!B17 -> Концепция 4
A38: ='Настройки'!B14 -> Детейлинг-центр | B38: 1
A39: ='Настройки'!B15 -> Планировщик покупок | B39: =IF(COUNT(C38)=0,"",1/C38) | C39: 1
A40: ='Настройки'!B16 -> Концепция 3 | B40: =IF(COUNT(D38)=0,"",1/D38) | C40: =IF(COUNT(D39)=0,"",1/D39) | D40: 1
A41: ='Настройки'!B17 -> Концепция 4 | B41: =IF(COUNT(E38)=0,"",1/E38) | C41: =IF(COUNT(E39)=0,"",1/E39) | D41: =IF(COUNT(E40)=0,"",1/E40) | E41: 1
A43: CR: допустимо не более 0,10 | B43: =IF(COUNT('МАИ'!B252)=0,"",'МАИ'!B252) | C43: =IF(COUNT(B43)=0,"Нет оценок",IF(B43<='Настройки'!$B$31,"Согласовано","Пересмотреть")) -> Нет оценок
A48: МАИ: проекты по критерию K2 | B48: ='Настройки'!B22 -> Простота реализации
A49: Строка предпочтительнее столбца | B49: ='Настройки'!B14 -> Детейлинг-центр | C49: ='Настройки'!B15 -> Планировщик покупок | D49: ='Настройки'!B16 -> Концепция 3 | E49: ='Настройки'!B17 -> Концепция 4
A50: ='Настройки'!B14 -> Детейлинг-центр | B50: 1
A51: ='Настройки'!B15 -> Планировщик покупок | B51: =IF(COUNT(C50)=0,"",1/C50) | C51: 1
A52: ='Настройки'!B16 -> Концепция 3 | B52: =IF(COUNT(D50)=0,"",1/D50) | C52: =IF(COUNT(D51)=0,"",1/D51) | D52: 1
A53: ='Настройки'!B17 -> Концепция 4 | B53: =IF(COUNT(E50)=0,"",1/E50) | C53: =IF(COUNT(E51)=0,"",1/E51) | D53: =IF(COUNT(E52)=0,"",1/E52) | E53: 1
A55: CR: допустимо не более 0,10 | B55: =IF(COUNT('МАИ'!B266)=0,"",'МАИ'!B266) | C55: =IF(COUNT(B55)=0,"Нет оценок",IF(B55<='Настройки'!$B$31,"Согласовано","Пересмотреть")) -> Нет оценок
A60: МАИ: проекты по критерию K3 | B60: ='Настройки'!B23 -> Удобство оценки и планирования
A61: Строка предпочтительнее столбца | B61: ='Настройки'!B14 -> Детейлинг-центр | C61: ='Настройки'!B15 -> Планировщик покупок | D61: ='Настройки'!B16 -> Концепция 3 | E61: ='Настройки'!B17 -> Концепция 4
A62: ='Настройки'!B14 -> Детейлинг-центр | B62: 1
A63: ='Настройки'!B15 -> Планировщик покупок | B63: =IF(COUNT(C62)=0,"",1/C62) | C63: 1
A64: ='Настройки'!B16 -> Концепция 3 | B64: =IF(COUNT(D62)=0,"",1/D62) | C64: =IF(COUNT(D63)=0,"",1/D63) | D64: 1
A65: ='Настройки'!B17 -> Концепция 4 | B65: =IF(COUNT(E62)=0,"",1/E62) | C65: =IF(COUNT(E63)=0,"",1/E63) | D65: =IF(COUNT(E64)=0,"",1/E64) | E65: 1
A67: CR: допустимо не более 0,10 | B67: =IF(COUNT('МАИ'!B280)=0,"",'МАИ'!B280) | C67: =IF(COUNT(B67)=0,"Нет оценок",IF(B67<='Настройки'!$B$31,"Согласовано","Пересмотреть")) -> Нет оценок
A72: МАИ: проекты по критерию K4 | B72: ='Настройки'!B24 -> Интерес команды
A73: Строка предпочтительнее столбца | B73: ='Настройки'!B14 -> Детейлинг-центр | C73: ='Настройки'!B15 -> Планировщик покупок | D73: ='Настройки'!B16 -> Концепция 3 | E73: ='Настройки'!B17 -> Концепция 4
A74: ='Настройки'!B14 -> Детейлинг-центр | B74: 1
A75: ='Настройки'!B15 -> Планировщик покупок | B75: =IF(COUNT(C74)=0,"",1/C74) | C75: 1
A76: ='Настройки'!B16 -> Концепция 3 | B76: =IF(COUNT(D74)=0,"",1/D74) | C76: =IF(COUNT(D75)=0,"",1/D75) | D76: 1
A77: ='Настройки'!B17 -> Концепция 4 | B77: =IF(COUNT(E74)=0,"",1/E74) | C77: =IF(COUNT(E75)=0,"",1/E75) | D77: =IF(COUNT(E76)=0,"",1/E76) | E77: 1
A79: CR: допустимо не более 0,10 | B79: =IF(COUNT('МАИ'!B294)=0,"",'МАИ'!B294) | C79: =IF(COUNT(B79)=0,"Нет оценок",IF(B79<='Настройки'!$B$31,"Согласовано","Пересмотреть")) -> Нет оценок

Sheet Эксперт 4
A2: Индивидуальные оценки эксперта 4
A4: Участник | B4: ='Настройки'!B10 -> Катаев Максим Игоревич
A5: Заполняйте только жёлтые ячейки. Не копируйте оценки других участников.
A7: TOPSIS: важность критерия | B7: Оценка 1–9
A8: ='Настройки'!B21 -> Практическая полезность
A9: ='Настройки'!B22 -> Простота реализации
A10: ='Настройки'!B23 -> Удобство оценки и планирования
A11: ='Настройки'!B24 -> Интерес команды
A13: TOPSIS: оценка проекта | B13: ='Настройки'!B21 -> Практическая полезность | C13: ='Настройки'!B22 -> Простота реализации | D13: ='Настройки'!B23 -> Удобство оценки и планирования | E13: ='Настройки'!B24 -> Интерес команды
A14: ='Настройки'!B14 -> Детейлинг-центр
A15: ='Настройки'!B15 -> Планировщик покупок
A16: ='Настройки'!B16 -> Концепция 3
A17: ='Настройки'!B17 -> Концепция 4
A19: Оценок TOPSIS заполнено / 20 | B19: =COUNT(B8:B11,B14:E17) -> 0
A21: МАИ: 1 равноценно; 3 умеренно; 5 сильно; 7 очень сильно; 9 предельно.
A22: Если строка уступает столбцу, вводите =1/3, =1/5 и т. п.
A24: МАИ: сравнение важности критериев
A25: Строка предпочтительнее столбца | B25: ='Настройки'!B21 -> Практическая полезность | C25: ='Настройки'!B22 -> Простота реализации | D25: ='Настройки'!B23 -> Удобство оценки и планирования | E25: ='Настройки'!B24 -> Интерес команды
A26: ='Настройки'!B21 -> Практическая полезность | B26: 1
A27: ='Настройки'!B22 -> Простота реализации | B27: =IF(COUNT(C26)=0,"",1/C26) | C27: 1
A28: ='Настройки'!B23 -> Удобство оценки и планирования | B28: =IF(COUNT(D26)=0,"",1/D26) | C28: =IF(COUNT(D27)=0,"",1/D27) | D28: 1
A29: ='Настройки'!B24 -> Интерес команды | B29: =IF(COUNT(E26)=0,"",1/E26) | C29: =IF(COUNT(E27)=0,"",1/E27) | D29: =IF(COUNT(E28)=0,"",1/E28) | E29: 1
A31: CR: допустимо не более 0,10 | B31: =IF(COUNT('МАИ'!B308)=0,"",'МАИ'!B308) | C31: =IF(COUNT(B31)=0,"Нет оценок",IF(B31<='Настройки'!$B$31,"Согласовано","Пересмотреть")) -> Нет оценок
A36: МАИ: проекты по критерию K1 | B36: ='Настройки'!B21 -> Практическая полезность
A37: Строка предпочтительнее столбца | B37: ='Настройки'!B14 -> Детейлинг-центр | C37: ='Настройки'!B15 -> Планировщик покупок | D37: ='Настройки'!B16 -> Концепция 3 | E37: ='Настройки'!B17 -> Концепция 4
A38: ='Настройки'!B14 -> Детейлинг-центр | B38: 1
A39: ='Настройки'!B15 -> Планировщик покупок | B39: =IF(COUNT(C38)=0,"",1/C38) | C39: 1
A40: ='Настройки'!B16 -> Концепция 3 | B40: =IF(COUNT(D38)=0,"",1/D38) | C40: =IF(COUNT(D39)=0,"",1/D39) | D40: 1
A41: ='Настройки'!B17 -> Концепция 4 | B41: =IF(COUNT(E38)=0,"",1/E38) | C41: =IF(COUNT(E39)=0,"",1/E39) | D41: =IF(COUNT(E40)=0,"",1/E40) | E41: 1
A43: CR: допустимо не более 0,10 | B43: =IF(COUNT('МАИ'!B322)=0,"",'МАИ'!B322) | C43: =IF(COUNT(B43)=0,"Нет оценок",IF(B43<='Настройки'!$B$31,"Согласовано","Пересмотреть")) -> Нет оценок
A48: МАИ: проекты по критерию K2 | B48: ='Настройки'!B22 -> Простота реализации
A49: Строка предпочтительнее столбца | B49: ='Настройки'!B14 -> Детейлинг-центр | C49: ='Настройки'!B15 -> Планировщик покупок | D49: ='Настройки'!B16 -> Концепция 3 | E49: ='Настройки'!B17 -> Концепция 4
A50: ='Настройки'!B14 -> Детейлинг-центр | B50: 1
A51: ='Настройки'!B15 -> Планировщик покупок | B51: =IF(COUNT(C50)=0,"",1/C50) | C51: 1
A52: ='Настройки'!B16 -> Концепция 3 | B52: =IF(COUNT(D50)=0,"",1/D50) | C52: =IF(COUNT(D51)=0,"",1/D51) | D52: 1
A53: ='Настройки'!B17 -> Концепция 4 | B53: =IF(COUNT(E50)=0,"",1/E50) | C53: =IF(COUNT(E51)=0,"",1/E51) | D53: =IF(COUNT(E52)=0,"",1/E52) | E53: 1
A55: CR: допустимо не более 0,10 | B55: =IF(COUNT('МАИ'!B336)=0,"",'МАИ'!B336) | C55: =IF(COUNT(B55)=0,"Нет оценок",IF(B55<='Настройки'!$B$31,"Согласовано","Пересмотреть")) -> Нет оценок
A60: МАИ: проекты по критерию K3 | B60: ='Настройки'!B23 -> Удобство оценки и планирования
A61: Строка предпочтительнее столбца | B61: ='Настройки'!B14 -> Детейлинг-центр | C61: ='Настройки'!B15 -> Планировщик покупок | D61: ='Настройки'!B16 -> Концепция 3 | E61: ='Настройки'!B17 -> Концепция 4
A62: ='Настройки'!B14 -> Детейлинг-центр | B62: 1
A63: ='Настройки'!B15 -> Планировщик покупок | B63: =IF(COUNT(C62)=0,"",1/C62) | C63: 1
A64: ='Настройки'!B16 -> Концепция 3 | B64: =IF(COUNT(D62)=0,"",1/D62) | C64: =IF(COUNT(D63)=0,"",1/D63) | D64: 1
A65: ='Настройки'!B17 -> Концепция 4 | B65: =IF(COUNT(E62)=0,"",1/E62) | C65: =IF(COUNT(E63)=0,"",1/E63) | D65: =IF(COUNT(E64)=0,"",1/E64) | E65: 1
A67: CR: допустимо не более 0,10 | B67: =IF(COUNT('МАИ'!B350)=0,"",'МАИ'!B350) | C67: =IF(COUNT(B67)=0,"Нет оценок",IF(B67<='Настройки'!$B$31,"Согласовано","Пересмотреть")) -> Нет оценок
A72: МАИ: проекты по критерию K4 | B72: ='Настройки'!B24 -> Интерес команды
A73: Строка предпочтительнее столбца | B73: ='Настройки'!B14 -> Детейлинг-центр | C73: ='Настройки'!B15 -> Планировщик покупок | D73: ='Настройки'!B16 -> Концепция 3 | E73: ='Настройки'!B17 -> Концепция 4
A74: ='Настройки'!B14 -> Детейлинг-центр | B74: 1
A75: ='Настройки'!B15 -> Планировщик покупок | B75: =IF(COUNT(C74)=0,"",1/C74) | C75: 1
A76: ='Настройки'!B16 -> Концепция 3 | B76: =IF(COUNT(D74)=0,"",1/D74) | C76: =IF(COUNT(D75)=0,"",1/D75) | D76: 1
A77: ='Настройки'!B17 -> Концепция 4 | B77: =IF(COUNT(E74)=0,"",1/E74) | C77: =IF(COUNT(E75)=0,"",1/E75) | D77: =IF(COUNT(E76)=0,"",1/E76) | E77: 1
A79: CR: допустимо не более 0,10 | B79: =IF(COUNT('МАИ'!B364)=0,"",'МАИ'!B364) | C79: =IF(COUNT(B79)=0,"Нет оценок",IF(B79<='Настройки'!$B$31,"Согласовано","Пересмотреть")) -> Нет оценок

Sheet TOPSIS
A2: Нечёткий коллективный TOPSIS
A4: Заполнено оценок / 80 | B4: ='Эксперт 1'!B19+'Эксперт 2'!B19+'Эксперт 3'!B19+'Эксперт 4'!B19 -> 4
A6: Критерий | B6: Направление | C6: L | D6: M | E6: U | F6: Вес L | G6: Вес M | H6: Вес U
A7: ='Настройки'!B21 -> Практическая полезность | B7: ='Настройки'!C21 -> MAX | C7: =IF(COUNT('Эксперт 1'!B8,'Эксперт 2'!B8,'Эксперт 3'!B8,'Эксперт 4'!B8)<4,"",MIN('Эксперт 1'!B8,'Эксперт 2'!B8,'Эксперт 3'!B8,'Эксперт 4'!B8)) | D7: =IF(COUNT('Эксперт 1'!B8,'Эксперт 2'!B8,'Эксперт 3'!B8,'Эксперт 4'!B8)<4,"",MEDIAN('Эксперт 1'!B8,'Эксперт 2'!B8,'Эксперт 3'!B8,'Эксперт 4'!B8)) | E7: =IF(COUNT('Эксперт 1'!B8,'Эксперт 2'!B8,'Эксперт 3'!B8,'Эксперт 4'!B8)<4,"",MAX('Эксперт 1'!B8,'Эксперт 2'!B8,'Эксперт 3'!B8,'Эксперт 4'!B8)) | F7: =IF(C7="","",C7/'Настройки'!$B$30) | G7: =IF(D7="","",D7/'Настройки'!$B$30) | H7: =IF(E7="","",E7/'Настройки'!$B$30)
A8: ='Настройки'!B22 -> Простота реализации | B8: ='Настройки'!C22 -> MAX | C8: =IF(COUNT('Эксперт 1'!B9,'Эксперт 2'!B9,'Эксперт 3'!B9,'Эксперт 4'!B9)<4,"",MIN('Эксперт 1'!B9,'Эксперт 2'!B9,'Эксперт 3'!B9,'Эксперт 4'!B9)) | D8: =IF(COUNT('Эксперт 1'!B9,'Эксперт 2'!B9,'Эксперт 3'!B9,'Эксперт 4'!B9)<4,"",MEDIAN('Эксперт 1'!B9,'Эксперт 2'!B9,'Эксперт 3'!B9,'Эксперт 4'!B9)) | E8: =IF(COUNT('Эксперт 1'!B9,'Эксперт 2'!B9,'Эксперт 3'!B9,'Эксперт 4'!B9)<4,"",MAX('Эксперт 1'!B9,'Эксперт 2'!B9,'Эксперт 3'!B9,'Эксперт 4'!B9)) | F8: =IF(C8="","",C8/'Настройки'!$B$30) | G8: =IF(D8="","",D8/'Настройки'!$B$30) | H8: =IF(E8="","",E8/'Настройки'!$B$30)
A9: ='Настройки'!B23 -> Удобство оценки и планирования | B9: ='Настройки'!C23 -> MAX | C9: =IF(COUNT('Эксперт 1'!B10,'Эксперт 2'!B10,'Эксперт 3'!B10,'Эксперт 4'!B10)<4,"",MIN('Эксперт 1'!B10,'Эксперт 2'!B10,'Эксперт 3'!B10,'Эксперт 4'!B10)) | D9: =IF(COUNT('Эксперт 1'!B10,'Эксперт 2'!B10,'Эксперт 3'!B10,'Эксперт 4'!B10)<4,"",MEDIAN('Эксперт 1'!B10,'Эксперт 2'!B10,'Эксперт 3'!B10,'Эксперт 4'!B10)) | E9: =IF(COUNT('Эксперт 1'!B10,'Эксперт 2'!B10,'Эксперт 3'!B10,'Эксперт 4'!B10)<4,"",MAX('Эксперт 1'!B10,'Эксперт 2'!B10,'Эксперт 3'!B10,'Эксперт 4'!B10)) | F9: =IF(C9="","",C9/'Настройки'!$B$30) | G9: =IF(D9="","",D9/'Настройки'!$B$30) | H9: =IF(E9="","",E9/'Настройки'!$B$30)
A10: ='Настройки'!B24 -> Интерес команды | B10: ='Настройки'!C24 -> MAX | C10: =IF(COUNT('Эксперт 1'!B11,'Эксперт 2'!B11,'Эксперт 3'!B11,'Эксперт 4'!B11)<4,"",MIN('Эксперт 1'!B11,'Эксперт 2'!B11,'Эксперт 3'!B11,'Эксперт 4'!B11)) | D10: =IF(COUNT('Эксперт 1'!B11,'Эксперт 2'!B11,'Эксперт 3'!B11,'Эксперт 4'!B11)<4,"",MEDIAN('Эксперт 1'!B11,'Эксперт 2'!B11,'Эксперт 3'!B11,'Эксперт 4'!B11)) | E10: =IF(COUNT('Эксперт 1'!B11,'Эксперт 2'!B11,'Эксперт 3'!B11,'Эксперт 4'!B11)<4,"",MAX('Эксперт 1'!B11,'Эксперт 2'!B11,'Эксперт 3'!B11,'Эксперт 4'!B11)) | F10: =IF(C10="","",C10/'Настройки'!$B$30) | G10: =IF(D10="","",D10/'Настройки'!$B$30) | H10: =IF(E10="","",E10/'Настройки'!$B$30)
A14: Проект | B14: Критерий | C14: L | D14: M | E14: U | F14: Норм. L | G14: Норм. M | H14: Норм. U | I14: Взв. L | J14: Взв. M | K14: Взв. U | L14: d+ | M14: d−
A15: ='Настройки'!B14 -> Детейлинг-центр | B15: ='Настройки'!B21 -> Практическая полезность | C15: =IF(COUNT('Эксперт 1'!B14,'Эксперт 2'!B14,'Эксперт 3'!B14,'Эксперт 4'!B14)<4,"",MIN('Эксперт 1'!B14,'Эксперт 2'!B14,'Эксперт 3'!B14,'Эксперт 4'!B14)) | D15: =IF(COUNT('Эксперт 1'!B14,'Эксперт 2'!B14,'Эксперт 3'!B14,'Эксперт 4'!B14)<4,"",MEDIAN('Эксперт 1'!B14,'Эксперт 2'!B14,'Эксперт 3'!B14,'Эксперт 4'!B14)) | E15: =IF(COUNT('Эксперт 1'!B14,'Эксперт 2'!B14,'Эксперт 3'!B14,'Эксперт 4'!B14)<4,"",MAX('Эксперт 1'!B14,'Эксперт 2'!B14,'Эксперт 3'!B14,'Эксперт 4'!B14)) | F15: =IF($B$4<80,"",IF($B$7="MAX",C15/MAX(E15,E19,E23,E27),MIN(C15,C19,C23,C27)/E15)) | G15: =IF($B$4<80,"",IF($B$7="MAX",D15/MAX(E15,E19,E23,E27),MIN(C15,C19,C23,C27)/D15)) | H15: =IF($B$4<80,"",IF($B$7="MAX",E15/MAX(E15,E19,E23,E27),MIN(C15,C19,C23,C27)/C15)) | I15: =IF(F15="","",F15*F7) | J15: =IF(G15="","",G15*G7) | K15: =IF(H15="","",H15*H7) | L15: =IF(I15="","",SQRT(((I15-1)^2+(J15-1)^2+(K15-1)^2)/3)) | M15: =IF(I15="","",SQRT((I15^2+J15^2+K15^2)/3))
A16: ='Настройки'!B14 -> Детейлинг-центр | B16: ='Настройки'!B22 -> Простота реализации | C16: =IF(COUNT('Эксперт 1'!C14,'Эксперт 2'!C14,'Эксперт 3'!C14,'Эксперт 4'!C14)<4,"",MIN('Эксперт 1'!C14,'Эксперт 2'!C14,'Эксперт 3'!C14,'Эксперт 4'!C14)) | D16: =IF(COUNT('Эксперт 1'!C14,'Эксперт 2'!C14,'Эксперт 3'!C14,'Эксперт 4'!C14)<4,"",MEDIAN('Эксперт 1'!C14,'Эксперт 2'!C14,'Эксперт 3'!C14,'Эксперт 4'!C14)) | E16: =IF(COUNT('Эксперт 1'!C14,'Эксперт 2'!C14,'Эксперт 3'!C14,'Эксперт 4'!C14)<4,"",MAX('Эксперт 1'!C14,'Эксперт 2'!C14,'Эксперт 3'!C14,'Эксперт 4'!C14)) | F16: =IF($B$4<80,"",IF($B$8="MAX",C16/MAX(E16,E20,E24,E28),MIN(C16,C20,C24,C28)/E16)) | G16: =IF($B$4<80,"",IF($B$8="MAX",D16/MAX(E16,E20,E24,E28),MIN(C16,C20,C24,C28)/D16)) | H16: =IF($B$4<80,"",IF($B$8="MAX",E16/MAX(E16,E20,E24,E28),MIN(C16,C20,C24,C28)/C16)) | I16: =IF(F16="","",F16*F8) | J16: =IF(G16="","",G16*G8) | K16: =IF(H16="","",H16*H8) | L16: =IF(I16="","",SQRT(((I16-1)^2+(J16-1)^2+(K16-1)^2)/3)) | M16: =IF(I16="","",SQRT((I16^2+J16^2+K16^2)/3))
A17: ='Настройки'!B14 -> Детейлинг-центр | B17: ='Настройки'!B23 -> Удобство оценки и планирования | C17: =IF(COUNT('Эксперт 1'!D14,'Эксперт 2'!D14,'Эксперт 3'!D14,'Эксперт 4'!D14)<4,"",MIN('Эксперт 1'!D14,'Эксперт 2'!D14,'Эксперт 3'!D14,'Эксперт 4'!D14)) | D17: =IF(COUNT('Эксперт 1'!D14,'Эксперт 2'!D14,'Эксперт 3'!D14,'Эксперт 4'!D14)<4,"",MEDIAN('Эксперт 1'!D14,'Эксперт 2'!D14,'Эксперт 3'!D14,'Эксперт 4'!D14)) | E17: =IF(COUNT('Эксперт 1'!D14,'Эксперт 2'!D14,'Эксперт 3'!D14,'Эксперт 4'!D14)<4,"",MAX('Эксперт 1'!D14,'Эксперт 2'!D14,'Эксперт 3'!D14,'Эксперт 4'!D14)) | F17: =IF($B$4<80,"",IF($B$9="MAX",C17/MAX(E17,E21,E25,E29),MIN(C17,C21,C25,C29)/E17)) | G17: =IF($B$4<80,"",IF($B$9="MAX",D17/MAX(E17,E21,E25,E29),MIN(C17,C21,C25,C29)/D17)) | H17: =IF($B$4<80,"",IF($B$9="MAX",E17/MAX(E17,E21,E25,E29),MIN(C17,C21,C25,C29)/C17)) | I17: =IF(F17="","",F17*F9) | J17: =IF(G17="","",G17*G9) | K17: =IF(H17="","",H17*H9) | L17: =IF(I17="","",SQRT(((I17-1)^2+(J17-1)^2+(K17-1)^2)/3)) | M17: =IF(I17="","",SQRT((I17^2+J17^2+K17^2)/3))
A18: ='Настройки'!B14 -> Детейлинг-центр | B18: ='Настройки'!B24 -> Интерес команды | C18: =IF(COUNT('Эксперт 1'!E14,'Эксперт 2'!E14,'Эксперт 3'!E14,'Эксперт 4'!E14)<4,"",MIN('Эксперт 1'!E14,'Эксперт 2'!E14,'Эксперт 3'!E14,'Эксперт 4'!E14)) | D18: =IF(COUNT('Эксперт 1'!E14,'Эксперт 2'!E14,'Эксперт 3'!E14,'Эксперт 4'!E14)<4,"",MEDIAN('Эксперт 1'!E14,'Эксперт 2'!E14,'Эксперт 3'!E14,'Эксперт 4'!E14)) | E18: =IF(COUNT('Эксперт 1'!E14,'Эксперт 2'!E14,'Эксперт 3'!E14,'Эксперт 4'!E14)<4,"",MAX('Эксперт 1'!E14,'Эксперт 2'!E14,'Эксперт 3'!E14,'Эксперт 4'!E14)) | F18: =IF($B$4<80,"",IF($B$10="MAX",C18/MAX(E18,E22,E26,E30),MIN(C18,C22,C26,C30)/E18)) | G18: =IF($B$4<80,"",IF($B$10="MAX",D18/MAX(E18,E22,E26,E30),MIN(C18,C22,C26,C30)/D18)) | H18: =IF($B$4<80,"",IF($B$10="MAX",E18/MAX(E18,E22,E26,E30),MIN(C18,C22,C26,C30)/C18)) | I18: =IF(F18="","",F18*F10) | J18: =IF(G18="","",G18*G10) | K18: =IF(H18="","",H18*H10) | L18: =IF(I18="","",SQRT(((I18-1)^2+(J18-1)^2+(K18-1)^2)/3)) | M18: =IF(I18="","",SQRT((I18^2+J18^2+K18^2)/3))
A19: ='Настройки'!B15 -> Планировщик покупок | B19: ='Настройки'!B21 -> Практическая полезность | C19: =IF(COUNT('Эксперт 1'!B15,'Эксперт 2'!B15,'Эксперт 3'!B15,'Эксперт 4'!B15)<4,"",MIN('Эксперт 1'!B15,'Эксперт 2'!B15,'Эксперт 3'!B15,'Эксперт 4'!B15)) | D19: =IF(COUNT('Эксперт 1'!B15,'Эксперт 2'!B15,'Эксперт 3'!B15,'Эксперт 4'!B15)<4,"",MEDIAN('Эксперт 1'!B15,'Эксперт 2'!B15,'Эксперт 3'!B15,'Эксперт 4'!B15)) | E19: =IF(COUNT('Эксперт 1'!B15,'Эксперт 2'!B15,'Эксперт 3'!B15,'Эксперт 4'!B15)<4,"",MAX('Эксперт 1'!B15,'Эксперт 2'!B15,'Эксперт 3'!B15,'Эксперт 4'!B15)) | F19: =IF($B$4<80,"",IF($B$7="MAX",C19/MAX(E15,E19,E23,E27),MIN(C15,C19,C23,C27)/E19)) | G19: =IF($B$4<80,"",IF($B$7="MAX",D19/MAX(E15,E19,E23,E27),MIN(C15,C19,C23,C27)/D19)) | H19: =IF($B$4<80,"",IF($B$7="MAX",E19/MAX(E15,E19,E23,E27),MIN(C15,C19,C23,C27)/C19)) | I19: =IF(F19="","",F19*F7) | J19: =IF(G19="","",G19*G7) | K19: =IF(H19="","",H19*H7) | L19: =IF(I19="","",SQRT(((I19-1)^2+(J19-1)^2+(K19-1)^2)/3)) | M19: =IF(I19="","",SQRT((I19^2+J19^2+K19^2)/3))
A20: ='Настройки'!B15 -> Планировщик покупок | B20: ='Настройки'!B22 -> Простота реализации | C20: =IF(COUNT('Эксперт 1'!C15,'Эксперт 2'!C15,'Эксперт 3'!C15,'Эксперт 4'!C15)<4,"",MIN('Эксперт 1'!C15,'Эксперт 2'!C15,'Эксперт 3'!C15,'Эксперт 4'!C15)) | D20: =IF(COUNT('Эксперт 1'!C15,'Эксперт 2'!C15,'Эксперт 3'!C15,'Эксперт 4'!C15)<4,"",MEDIAN('Эксперт 1'!C15,'Эксперт 2'!C15,'Эксперт 3'!C15,'Эксперт 4'!C15)) | E20: =IF(COUNT('Эксперт 1'!C15,'Эксперт 2'!C15,'Эксперт 3'!C15,'Эксперт 4'!C15)<4,"",MAX('Эксперт 1'!C15,'Эксперт 2'!C15,'Эксперт 3'!C15,'Эксперт 4'!C15)) | F20: =IF($B$4<80,"",IF($B$8="MAX",C20/MAX(E16,E20,E24,E28),MIN(C16,C20,C24,C28)/E20)) | G20: =IF($B$4<80,"",IF($B$8="MAX",D20/MAX(E16,E20,E24,E28),MIN(C16,C20,C24,C28)/D20)) | H20: =IF($B$4<80,"",IF($B$8="MAX",E20/MAX(E16,E20,E24,E28),MIN(C16,C20,C24,C28)/C20)) | I20: =IF(F20="","",F20*F8) | J20: =IF(G20="","",G20*G8) | K20: =IF(H20="","",H20*H8) | L20: =IF(I20="","",SQRT(((I20-1)^2+(J20-1)^2+(K20-1)^2)/3)) | M20: =IF(I20="","",SQRT((I20^2+J20^2+K20^2)/3))
A21: ='Настройки'!B15 -> Планировщик покупок | B21: ='Настройки'!B23 -> Удобство оценки и планирования | C21: =IF(COUNT('Эксперт 1'!D15,'Эксперт 2'!D15,'Эксперт 3'!D15,'Эксперт 4'!D15)<4,"",MIN('Эксперт 1'!D15,'Эксперт 2'!D15,'Эксперт 3'!D15,'Эксперт 4'!D15)) | D21: =IF(COUNT('Эксперт 1'!D15,'Эксперт 2'!D15,'Эксперт 3'!D15,'Эксперт 4'!D15)<4,"",MEDIAN('Эксперт 1'!D15,'Эксперт 2'!D15,'Эксперт 3'!D15,'Эксперт 4'!D15)) | E21: =IF(COUNT('Эксперт 1'!D15,'Эксперт 2'!D15,'Эксперт 3'!D15,'Эксперт 4'!D15)<4,"",MAX('Эксперт 1'!D15,'Эксперт 2'!D15,'Эксперт 3'!D15,'Эксперт 4'!D15)) | F21: =IF($B$4<80,"",IF($B$9="MAX",C21/MAX(E17,E21,E25,E29),MIN(C17,C21,C25,C29)/E21)) | G21: =IF($B$4<80,"",IF($B$9="MAX",D21/MAX(E17,E21,E25,E29),MIN(C17,C21,C25,C29)/D21)) | H21: =IF($B$4<80,"",IF($B$9="MAX",E21/MAX(E17,E21,E25,E29),MIN(C17,C21,C25,C29)/C21)) | I21: =IF(F21="","",F21*F9) | J21: =IF(G21="","",G21*G9) | K21: =IF(H21="","",H21*H9) | L21: =IF(I21="","",SQRT(((I21-1)^2+(J21-1)^2+(K21-1)^2)/3)) | M21: =IF(I21="","",SQRT((I21^2+J21^2+K21^2)/3))
A22: ='Настройки'!B15 -> Планировщик покупок | B22: ='Настройки'!B24 -> Интерес команды | C22: =IF(COUNT('Эксперт 1'!E15,'Эксперт 2'!E15,'Эксперт 3'!E15,'Эксперт 4'!E15)<4,"",MIN('Эксперт 1'!E15,'Эксперт 2'!E15,'Эксперт 3'!E15,'Эксперт 4'!E15)) | D22: =IF(COUNT('Эксперт 1'!E15,'Эксперт 2'!E15,'Эксперт 3'!E15,'Эксперт 4'!E15)<4,"",MEDIAN('Эксперт 1'!E15,'Эксперт 2'!E15,'Эксперт 3'!E15,'Эксперт 4'!E15)) | E22: =IF(COUNT('Эксперт 1'!E15,'Эксперт 2'!E15,'Эксперт 3'!E15,'Эксперт 4'!E15)<4,"",MAX('Эксперт 1'!E15,'Эксперт 2'!E15,'Эксперт 3'!E15,'Эксперт 4'!E15)) | F22: =IF($B$4<80,"",IF($B$10="MAX",C22/MAX(E18,E22,E26,E30),MIN(C18,C22,C26,C30)/E22)) | G22: =IF($B$4<80,"",IF($B$10="MAX",D22/MAX(E18,E22,E26,E30),MIN(C18,C22,C26,C30)/D22)) | H22: =IF($B$4<80,"",IF($B$10="MAX",E22/MAX(E18,E22,E26,E30),MIN(C18,C22,C26,C30)/C22)) | I22: =IF(F22="","",F22*F10) | J22: =IF(G22="","",G22*G10) | K22: =IF(H22="","",H22*H10) | L22: =IF(I22="","",SQRT(((I22-1)^2+(J22-1)^2+(K22-1)^2)/3)) | M22: =IF(I22="","",SQRT((I22^2+J22^2+K22^2)/3))
A23: ='Настройки'!B16 -> Концепция 3 | B23: ='Настройки'!B21 -> Практическая полезность | C23: =IF(COUNT('Эксперт 1'!B16,'Эксперт 2'!B16,'Эксперт 3'!B16,'Эксперт 4'!B16)<4,"",MIN('Эксперт 1'!B16,'Эксперт 2'!B16,'Эксперт 3'!B16,'Эксперт 4'!B16)) | D23: =IF(COUNT('Эксперт 1'!B16,'Эксперт 2'!B16,'Эксперт 3'!B16,'Эксперт 4'!B16)<4,"",MEDIAN('Эксперт 1'!B16,'Эксперт 2'!B16,'Эксперт 3'!B16,'Эксперт 4'!B16)) | E23: =IF(COUNT('Эксперт 1'!B16,'Эксперт 2'!B16,'Эксперт 3'!B16,'Эксперт 4'!B16)<4,"",MAX('Эксперт 1'!B16,'Эксперт 2'!B16,'Эксперт 3'!B16,'Эксперт 4'!B16)) | F23: =IF($B$4<80,"",IF($B$7="MAX",C23/MAX(E15,E19,E23,E27),MIN(C15,C19,C23,C27)/E23)) | G23: =IF($B$4<80,"",IF($B$7="MAX",D23/MAX(E15,E19,E23,E27),MIN(C15,C19,C23,C27)/D23)) | H23: =IF($B$4<80,"",IF($B$7="MAX",E23/MAX(E15,E19,E23,E27),MIN(C15,C19,C23,C27)/C23)) | I23: =IF(F23="","",F23*F7) | J23: =IF(G23="","",G23*G7) | K23: =IF(H23="","",H23*H7) | L23: =IF(I23="","",SQRT(((I23-1)^2+(J23-1)^2+(K23-1)^2)/3)) | M23: =IF(I23="","",SQRT((I23^2+J23^2+K23^2)/3))
A24: ='Настройки'!B16 -> Концепция 3 | B24: ='Настройки'!B22 -> Простота реализации | C24: =IF(COUNT('Эксперт 1'!C16,'Эксперт 2'!C16,'Эксперт 3'!C16,'Эксперт 4'!C16)<4,"",MIN('Эксперт 1'!C16,'Эксперт 2'!C16,'Эксперт 3'!C16,'Эксперт 4'!C16)) | D24: =IF(COUNT('Эксперт 1'!C16,'Эксперт 2'!C16,'Эксперт 3'!C16,'Эксперт 4'!C16)<4,"",MEDIAN('Эксперт 1'!C16,'Эксперт 2'!C16,'Эксперт 3'!C16,'Эксперт 4'!C16)) | E24: =IF(COUNT('Эксперт 1'!C16,'Эксперт 2'!C16,'Эксперт 3'!C16,'Эксперт 4'!C16)<4,"",MAX('Эксперт 1'!C16,'Эксперт 2'!C16,'Эксперт 3'!C16,'Эксперт 4'!C16)) | F24: =IF($B$4<80,"",IF($B$8="MAX",C24/MAX(E16,E20,E24,E28),MIN(C16,C20,C24,C28)/E24)) | G24: =IF($B$4<80,"",IF($B$8="MAX",D24/MAX(E16,E20,E24,E28),MIN(C16,C20,C24,C28)/D24)) | H24: =IF($B$4<80,"",IF($B$8="MAX",E24/MAX(E16,E20,E24,E28),MIN(C16,C20,C24,C28)/C24)) | I24: =IF(F24="","",F24*F8) | J24: =IF(G24="","",G24*G8) | K24: =IF(H24="","",H24*H8) | L24: =IF(I24="","",SQRT(((I24-1)^2+(J24-1)^2+(K24-1)^2)/3)) | M24: =IF(I24="","",SQRT((I24^2+J24^2+K24^2)/3))
A25: ='Настройки'!B16 -> Концепция 3 | B25: ='Настройки'!B23 -> Удобство оценки и планирования | C25: =IF(COUNT('Эксперт 1'!D16,'Эксперт 2'!D16,'Эксперт 3'!D16,'Эксперт 4'!D16)<4,"",MIN('Эксперт 1'!D16,'Эксперт 2'!D16,'Эксперт 3'!D16,'Эксперт 4'!D16)) | D25: =IF(COUNT('Эксперт 1'!D16,'Эксперт 2'!D16,'Эксперт 3'!D16,'Эксперт 4'!D16)<4,"",MEDIAN('Эксперт 1'!D16,'Эксперт 2'!D16,'Эксперт 3'!D16,'Эксперт 4'!D16)) | E25: =IF(COUNT('Эксперт 1'!D16,'Эксперт 2'!D16,'Эксперт 3'!D16,'Эксперт 4'!D16)<4,"",MAX('Эксперт 1'!D16,'Эксперт 2'!D16,'Эксперт 3'!D16,'Эксперт 4'!D16)) | F25: =IF($B$4<80,"",IF($B$9="MAX",C25/MAX(E17,E21,E25,E29),MIN(C17,C21,C25,C29)/E25)) | G25: =IF($B$4<80,"",IF($B$9="MAX",D25/MAX(E17,E21,E25,E29),MIN(C17,C21,C25,C29)/D25)) | H25: =IF($B$4<80,"",IF($B$9="MAX",E25/MAX(E17,E21,E25,E29),MIN(C17,C21,C25,C29)/C25)) | I25: =IF(F25="","",F25*F9) | J25: =IF(G25="","",G25*G9) | K25: =IF(H25="","",H25*H9) | L25: =IF(I25="","",SQRT(((I25-1)^2+(J25-1)^2+(K25-1)^2)/3)) | M25: =IF(I25="","",SQRT((I25^2+J25^2+K25^2)/3))
A26: ='Настройки'!B16 -> Концепция 3 | B26: ='Настройки'!B24 -> Интерес команды | C26: =IF(COUNT('Эксперт 1'!E16,'Эксперт 2'!E16,'Эксперт 3'!E16,'Эксперт 4'!E16)<4,"",MIN('Эксперт 1'!E16,'Эксперт 2'!E16,'Эксперт 3'!E16,'Эксперт 4'!E16)) | D26: =IF(COUNT('Эксперт 1'!E16,'Эксперт 2'!E16,'Эксперт 3'!E16,'Эксперт 4'!E16)<4,"",MEDIAN('Эксперт 1'!E16,'Эксперт 2'!E16,'Эксперт 3'!E16,'Эксперт 4'!E16)) | E26: =IF(COUNT('Эксперт 1'!E16,'Эксперт 2'!E16,'Эксперт 3'!E16,'Эксперт 4'!E16)<4,"",MAX('Эксперт 1'!E16,'Эксперт 2'!E16,'Эксперт 3'!E16,'Эксперт 4'!E16)) | F26: =IF($B$4<80,"",IF($B$10="MAX",C26/MAX(E18,E22,E26,E30),MIN(C18,C22,C26,C30)/E26)) | G26: =IF($B$4<80,"",IF($B$10="MAX",D26/MAX(E18,E22,E26,E30),MIN(C18,C22,C26,C30)/D26)) | H26: =IF($B$4<80,"",IF($B$10="MAX",E26/MAX(E18,E22,E26,E30),MIN(C18,C22,C26,C30)/C26)) | I26: =IF(F26="","",F26*F10) | J26: =IF(G26="","",G26*G10) | K26: =IF(H26="","",H26*H10) | L26: =IF(I26="","",SQRT(((I26-1)^2+(J26-1)^2+(K26-1)^2)/3)) | M26: =IF(I26="","",SQRT((I26^2+J26^2+K26^2)/3))
A27: ='Настройки'!B17 -> Концепция 4 | B27: ='Настройки'!B21 -> Практическая полезность | C27: =IF(COUNT('Эксперт 1'!B17,'Эксперт 2'!B17,'Эксперт 3'!B17,'Эксперт 4'!B17)<4,"",MIN('Эксперт 1'!B17,'Эксперт 2'!B17,'Эксперт 3'!B17,'Эксперт 4'!B17)) | D27: =IF(COUNT('Эксперт 1'!B17,'Эксперт 2'!B17,'Эксперт 3'!B17,'Эксперт 4'!B17)<4,"",MEDIAN('Эксперт 1'!B17,'Эксперт 2'!B17,'Эксперт 3'!B17,'Эксперт 4'!B17)) | E27: =IF(COUNT('Эксперт 1'!B17,'Эксперт 2'!B17,'Эксперт 3'!B17,'Эксперт 4'!B17)<4,"",MAX('Эксперт 1'!B17,'Эксперт 2'!B17,'Эксперт 3'!B17,'Эксперт 4'!B17)) | F27: =IF($B$4<80,"",IF($B$7="MAX",C27/MAX(E15,E19,E23,E27),MIN(C15,C19,C23,C27)/E27)) | G27: =IF($B$4<80,"",IF($B$7="MAX",D27/MAX(E15,E19,E23,E27),MIN(C15,C19,C23,C27)/D27)) | H27: =IF($B$4<80,"",IF($B$7="MAX",E27/MAX(E15,E19,E23,E27),MIN(C15,C19,C23,C27)/C27)) | I27: =IF(F27="","",F27*F7) | J27: =IF(G27="","",G27*G7) | K27: =IF(H27="","",H27*H7) | L27: =IF(I27="","",SQRT(((I27-1)^2+(J27-1)^2+(K27-1)^2)/3)) | M27: =IF(I27="","",SQRT((I27^2+J27^2+K27^2)/3))
A28: ='Настройки'!B17 -> Концепция 4 | B28: ='Настройки'!B22 -> Простота реализации | C28: =IF(COUNT('Эксперт 1'!C17,'Эксперт 2'!C17,'Эксперт 3'!C17,'Эксперт 4'!C17)<4,"",MIN('Эксперт 1'!C17,'Эксперт 2'!C17,'Эксперт 3'!C17,'Эксперт 4'!C17)) | D28: =IF(COUNT('Эксперт 1'!C17,'Эксперт 2'!C17,'Эксперт 3'!C17,'Эксперт 4'!C17)<4,"",MEDIAN('Эксперт 1'!C17,'Эксперт 2'!C17,'Эксперт 3'!C17,'Эксперт 4'!C17)) | E28: =IF(COUNT('Эксперт 1'!C17,'Эксперт 2'!C17,'Эксперт 3'!C17,'Эксперт 4'!C17)<4,"",MAX('Эксперт 1'!C17,'Эксперт 2'!C17,'Эксперт 3'!C17,'Эксперт 4'!C17)) | F28: =IF($B$4<80,"",IF($B$8="MAX",C28/MAX(E16,E20,E24,E28),MIN(C16,C20,C24,C28)/E28)) | G28: =IF($B$4<80,"",IF($B$8="MAX",D28/MAX(E16,E20,E24,E28),MIN(C16,C20,C24,C28)/D28)) | H28: =IF($B$4<80,"",IF($B$8="MAX",E28/MAX(E16,E20,E24,E28),MIN(C16,C20,C24,C28)/C28)) | I28: =IF(F28="","",F28*F8) | J28: =IF(G28="","",G28*G8) | K28: =IF(H28="","",H28*H8) | L28: =IF(I28="","",SQRT(((I28-1)^2+(J28-1)^2+(K28-1)^2)/3)) | M28: =IF(I28="","",SQRT((I28^2+J28^2+K28^2)/3))
A29: ='Настройки'!B17 -> Концепция 4 | B29: ='Настройки'!B23 -> Удобство оценки и планирования | C29: =IF(COUNT('Эксперт 1'!D17,'Эксперт 2'!D17,'Эксперт 3'!D17,'Эксперт 4'!D17)<4,"",MIN('Эксперт 1'!D17,'Эксперт 2'!D17,'Эксперт 3'!D17,'Эксперт 4'!D17)) | D29: =IF(COUNT('Эксперт 1'!D17,'Эксперт 2'!D17,'Эксперт 3'!D17,'Эксперт 4'!D17)<4,"",MEDIAN('Эксперт 1'!D17,'Эксперт 2'!D17,'Эксперт 3'!D17,'Эксперт 4'!D17)) | E29: =IF(COUNT('Эксперт 1'!D17,'Эксперт 2'!D17,'Эксперт 3'!D17,'Эксперт 4'!D17)<4,"",MAX('Эксперт 1'!D17,'Эксперт 2'!D17,'Эксперт 3'!D17,'Эксперт 4'!D17)) | F29: =IF($B$4<80,"",IF($B$9="MAX",C29/MAX(E17,E21,E25,E29),MIN(C17,C21,C25,C29)/E29)) | G29: =IF($B$4<80,"",IF($B$9="MAX",D29/MAX(E17,E21,E25,E29),MIN(C17,C21,C25,C29)/D29)) | H29: =IF($B$4<80,"",IF($B$9="MAX",E29/MAX(E17,E21,E25,E29),MIN(C17,C21,C25,C29)/C29)) | I29: =IF(F29="","",F29*F9) | J29: =IF(G29="","",G29*G9) | K29: =IF(H29="","",H29*H9) | L29: =IF(I29="","",SQRT(((I29-1)^2+(J29-1)^2+(K29-1)^2)/3)) | M29: =IF(I29="","",SQRT((I29^2+J29^2+K29^2)/3))
A30: ='Настройки'!B17 -> Концепция 4 | B30: ='Настройки'!B24 -> Интерес команды | C30: =IF(COUNT('Эксперт 1'!E17,'Эксперт 2'!E17,'Эксперт 3'!E17,'Эксперт 4'!E17)<4,"",MIN('Эксперт 1'!E17,'Эксперт 2'!E17,'Эксперт 3'!E17,'Эксперт 4'!E17)) | D30: =IF(COUNT('Эксперт 1'!E17,'Эксперт 2'!E17,'Эксперт 3'!E17,'Эксперт 4'!E17)<4,"",MEDIAN('Эксперт 1'!E17,'Эксперт 2'!E17,'Эксперт 3'!E17,'Эксперт 4'!E17)) | E30: =IF(COUNT('Эксперт 1'!E17,'Эксперт 2'!E17,'Эксперт 3'!E17,'Эксперт 4'!E17)<4,"",MAX('Эксперт 1'!E17,'Эксперт 2'!E17,'Эксперт 3'!E17,'Эксперт 4'!E17)) | F30: =IF($B$4<80,"",IF($B$10="MAX",C30/MAX(E18,E22,E26,E30),MIN(C18,C22,C26,C30)/E30)) | G30: =IF($B$4<80,"",IF($B$10="MAX",D30/MAX(E18,E22,E26,E30),MIN(C18,C22,C26,C30)/D30)) | H30: =IF($B$4<80,"",IF($B$10="MAX",E30/MAX(E18,E22,E26,E30),MIN(C18,C22,C26,C30)/C30)) | I30: =IF(F30="","",F30*F10) | J30: =IF(G30="","",G30*G10) | K30: =IF(H30="","",H30*H10) | L30: =IF(I30="","",SQRT(((I30-1)^2+(J30-1)^2+(K30-1)^2)/3)) | M30: =IF(I30="","",SQRT((I30^2+J30^2+K30^2)/3))
A34: Проект | B34: D+ | C34: D− | D34: CC | E34: Место
A35: ='Настройки'!B14 -> Детейлинг-центр | B35: =IF($B$4<80,"",SUM(L15:L18)) | C35: =IF($B$4<80,"",SUM(M15:M18)) | D35: =IF(B35="","",IF(B35+C35=0,0.5,C35/(B35+C35))) | E35: =IF(D35="","",1+COUNTIFS($D$35:$D$38,">"&D35))
A36: ='Настройки'!B15 -> Планировщик покупок | B36: =IF($B$4<80,"",SUM(L19:L22)) | C36: =IF($B$4<80,"",SUM(M19:M22)) | D36: =IF(B36="","",IF(B36+C36=0,0.5,C36/(B36+C36))) | E36: =IF(D36="","",1+COUNTIFS($D$35:$D$38,">"&D36))
A37: ='Настройки'!B16 -> Концепция 3 | B37: =IF($B$4<80,"",SUM(L23:L26)) | C37: =IF($B$4<80,"",SUM(M23:M26)) | D37: =IF(B37="","",IF(B37+C37=0,0.5,C37/(B37+C37))) | E37: =IF(D37="","",1+COUNTIFS($D$35:$D$38,">"&D37))
A38: ='Настройки'!B17 -> Концепция 4 | B38: =IF($B$4<80,"",SUM(L27:L30)) | C38: =IF($B$4<80,"",SUM(M27:M30)) | D38: =IF(B38="","",IF(B38+C38=0,0.5,C38/(B38+C38))) | E38: =IF(D38="","",1+COUNTIFS($D$35:$D$38,">"&D38))
A41: L = MIN; M = MEDIAN; U = MAX четырёх индивидуальных оценок.
A43: Нормализация: MAX — (L,M,U)/max U; MIN — min L/(U,M,L).
A45: Нечёткие веса: (L,M,U)/9. Идеал (1,1,1), антиидеал (0,0,0).
A47: Расстояние между тройками: корень из среднего квадрата разностей. CC = D−/(D+ + D−).

Sheet МАИ
A2: Чёткий коллективный МАИ
A4: Попарных сравнений заполнено / 120 | B4: =COUNT('Эксперт 1'!C26,'Эксперт 1'!D26,'Эксперт 1'!E26,'Эксперт 1'!D27,'Эксперт 1'!E27,'Эксперт 1'!E28,'Эксперт 1'!C38,'Эксперт 1'!D38,'Эксперт 1'!E38,'Эксперт 1'!D39,'Эксперт 1'!E39,'Эксперт 1'!E40,'Эксперт 1'!C50,'Эксперт 1'!D50,'Эксперт 1'!E50,'Эксперт 1'!D51,'Эксперт 1'!E51,'Эксперт 1'!E52,'Эксперт 1'!C62,'Эксперт 1'!D62,'Эксперт 1'!E62,'Эксперт 1'!D63,'Эксперт 1'!E63,'Эксперт 1'!E64,'Эксперт 1'!C74,'Эксперт 1'!D74,'Эксперт 1'!E74,'Эксперт 1'!D75,'Эксперт 1'!E75,'Эксперт 1'!E76,'Эксперт 2'!C26,'Эксперт 2'!D26,'Эксперт 2'!E26,'Эксперт 2'!D27,'Эксперт 2'!E27,'Эксперт 2'!E28,'Эксперт 2'!C38,'Эксперт 2'!D38,'Эксперт 2'!E38,'Эксперт 2'!D39,'Эксперт 2'!E39,'Эксперт 2'!E40,'Эксперт 2'!C50,'Эксперт 2'!D50,'Эксперт 2'!E50,'Эксперт 2'!D51,'Эксперт 2'!E51,'Эксперт 2'!E52,'Эксперт 2'!C62,'Эксперт 2'!D62,'Эксперт 2'!E62,'Эксперт 2'!D63,'Эксперт 2'!E63,'Эксперт 2'!E64,'Эксперт 2'!C74,'Эксперт 2'!D74,'Эксперт 2'!E74,'Эксперт 2'!D75,'Эксперт 2'!E75,'Эксперт 2'!E76,'Эксперт 3'!C26,'Эксперт 3'!D26,'Эксперт 3'!E26,'Эксперт 3'!D27,'Эксперт 3'!E27,'Эксперт 3'!E28,'Эксперт 3'!C38,'Эксперт 3'!D38,'Эксперт 3'!E38,'Эксперт 3'!D39,'Эксперт 3'!E39,'Эксперт 3'!E40,'Эксперт 3'!C50,'Эксперт 3'!D50,'Эксперт 3'!E50,'Эксперт 3'!D51,'Эксперт 3'!E51,'Эксперт 3'!E52,'Эксперт 3'!C62,'Эксперт 3'!D62,'Эксперт 3'!E62,'Эксперт 3'!D63,'Эксперт 3'!E63,'Эксперт 3'!E64,'Эксперт 3'!C74,'Эксперт 3'!D74,'Эксперт 3'!E74,'Эксперт 3'!D75,'Эксперт 3'!E75,'Эксперт 3'!E76,'Эксперт 4'!C26,'Эксперт 4'!D26,'Эксперт 4'!E26,'Эксперт 4'!D27,'Эксперт 4'!E27,'Эксперт 4'!E28,'Эксперт 4'!C38,'Эксперт 4'!D38,'Эксперт 4'!E38,'Эксперт 4'!D39,'Эксперт 4'!E39,'Эксперт 4'!E40,'Эксперт 4'!C50,'Эксперт 4'!D50,'Эксперт 4'!E50,'Эксперт 4'!D51,'Эксперт 4'!E51,'Эксперт 4'!E52,'Эксперт 4'!C62,'Эксперт 4'!D62,'Эксперт 4'!E62,'Эксперт 4'!D63,'Эксперт 4'!E63,'Эксперт 4'!E64,'Эксперт 4'!C74,'Эксперт 4'!D74,'Эксперт 4'!E74,'Эксперт 4'!D75,'Эксперт 4'!E75,'Эксперт 4'!E76) -> 0
A5: Матриц с CR > 0,10 | B5: =IF(B28="",0,IF(B28>'Настройки'!$B$31,1,0))+IF(B42="",0,IF(B42>'Настройки'!$B$31,1,0))+IF(B56="",0,IF(B56>'Настройки'!$B$31,1,0))+IF(B70="",0,IF(B70>'Настройки'!$B$31,1,0))+IF(B84="",0,IF(B84>'Настройки'!$B$31,1,0))+IF(B98="",0,IF(B98>'Настройки'!$B$31,1,0))+IF(B112="",0,IF(B112>'Настройки'!$B$31,1,0))+IF(B126="",0,IF(B126>'Настройки'!$B$31,1,0))+IF(B140="",0,IF(B140>'Настройки'!$B$31,1,0))+IF(B154="",0,IF(B154>'Настройки'!$B$31,1,0))+IF(B168="",0,IF(B168>'Настройки'!$B$31,1,0))+IF(B182="",0,IF(B182>'Настройки'!$B$31,1,0))+IF(B196="",0,IF(B196>'Настройки'!$B$31,1,0))+IF(B210="",0,IF(B210>'Настройки'!$B$31,1,0))+IF(B224="",0,IF(B224>'Настройки'!$B$31,1,0))+IF(B238="",0,IF(B238>'Настройки'!$B$31,1,0))+IF(B252="",0,IF(B252>'Настройки'!$B$31,1,0))+IF(B266="",0,IF(B266>'Настройки'!$B$31,1,0))+IF(B280="",0,IF(B280>'Настройки'!$B$31,1,0))+IF(B294="",0,IF(B294>'Настройки'!$B$31,1,0))+IF(B308="",0,IF(B308>'Настройки'!$B$31,1,0))+IF(B322="",0,IF(B322>'Настройки'!$B$31,1,0))+IF(B336="",0,IF(B336>'Настройки'!$B$31,1,0))+IF(B350="",0,IF(B350>'Настройки'!$B$31,1,0))+IF(B364="",0,IF(B364>'Настройки'!$B$31,1,0)) -> 0
A8: Код | B8: Проект | C8: K1 | D8: K2 | E8: K3 | F8: K4 | G8: Приоритет | H8: Место
A9: A1 | B9: ='Настройки'!B14 -> Детейлинг-центр | C9: =IF(COUNT(F36)=0,"",F36) | D9: =IF(COUNT(F50)=0,"",F50) | E9: =IF(COUNT(F64)=0,"",F64) | F9: =IF(COUNT(F78)=0,"",F78) | G9: =IF($B$4<120,"",C9*$F$22+D9*$F$23+E9*$F$24+F9*$F$25) | H9: =IF(G9="","",1+COUNTIFS($G$9:$G$12,">"&G9))
A10: A2 | B10: ='Настройки'!B15 -> Планировщик покупок | C10: =IF(COUNT(F37)=0,"",F37) | D10: =IF(COUNT(F51)=0,"",F51) | E10: =IF(COUNT(F65)=0,"",F65) | F10: =IF(COUNT(F79)=0,"",F79) | G10: =IF($B$4<120,"",C10*$F$22+D10*$F$23+E10*$F$24+F10*$F$25) | H10: =IF(G10="","",1+COUNTIFS($G$9:$G$12,">"&G10))
A11: A3 | B11: ='Настройки'!B16 -> Концепция 3 | C11: =IF(COUNT(F38)=0,"",F38) | D11: =IF(COUNT(F52)=0,"",F52) | E11: =IF(COUNT(F66)=0,"",F66) | F11: =IF(COUNT(F80)=0,"",F80) | G11: =IF($B$4<120,"",C11*$F$22+D11*$F$23+E11*$F$24+F11*$F$25) | H11: =IF(G11="","",1+COUNTIFS($G$9:$G$12,">"&G11))
A12: A4 | B12: ='Настройки'!B17 -> Концепция 4 | C12: =IF(COUNT(F39)=0,"",F39) | D12: =IF(COUNT(F53)=0,"",F53) | E12: =IF(COUNT(F67)=0,"",F67) | F12: =IF(COUNT(F81)=0,"",F81) | G12: =IF($B$4<120,"",C12*$F$22+D12*$F$23+E12*$F$24+F12*$F$25) | H12: =IF(G12="","",1+COUNTIFS($G$9:$G$12,">"&G12))
A15: Групповые сравнения: геометрическое среднее четырёх индивидуальных суждений.
A17: Приоритеты: главный собственный вектор, 40 шагов степенного метода. Проверки ниже.
A20: Коллективная матрица — критерии
A21: Элемент | B21: ='Настройки'!B21 -> Практическая полезность | C21: ='Настройки'!B22 -> Простота реализации | D21: ='Настройки'!B23 -> Удобство оценки и планирования | E21: ='Настройки'!B24 -> Интерес команды | F21: Приоритет | G21: Aw / w
A22: ='Настройки'!B21 -> Практическая полезность | B22: =IF(COUNT('Эксперт 1'!B26,'Эксперт 2'!B26,'Эксперт 3'!B26,'Эксперт 4'!B26)<4,"",PRODUCT('Эксперт 1'!B26,'Эксперт 2'!B26,'Эксперт 3'!B26,'Эксперт 4'!B26)^(1/4)) -> 1 | C22: =IF(COUNT('Эксперт 1'!C26,'Эксперт 2'!C26,'Эксперт 3'!C26,'Эксперт 4'!C26)<4,"",PRODUCT('Эксперт 1'!C26,'Эксперт 2'!C26,'Эксперт 3'!C26,'Эксперт 4'!C26)^(1/4)) | D22: =IF(COUNT('Эксперт 1'!D26,'Эксперт 2'!D26,'Эксперт 3'!D26,'Эксперт 4'!D26)<4,"",PRODUCT('Эксперт 1'!D26,'Эксперт 2'!D26,'Эксперт 3'!D26,'Эксперт 4'!D26)^(1/4)) | E22: =IF(COUNT('Эксперт 1'!E26,'Эксперт 2'!E26,'Эксперт 3'!E26,'Эксперт 4'!E26)<4,"",PRODUCT('Эксперт 1'!E26,'Эксперт 2'!E26,'Эксперт 3'!E26,'Эксперт 4'!E26)^(1/4)) | F22: =IF(AX22="","",AX22/SUM(AX$22:AX$25)) | G22: =IF(F22="","",(B22*$F$22+C22*$F$23+D22*$F$24+E22*$F$25)/F22) | J22: =IF(COUNT($B$22:$E$25)<16,"",1/4) | K22: =IF(J22="","",($B22*J$22+$C22*J$23+$D22*J$24+$E22*J$25)/SUM(J$22:J$25)) | L22: =IF(K22="","",($B22*K$22+$C22*K$23+$D22*K$24+$E22*K$25)/SUM(K$22:K$25)) | M22: =IF(L22="","",($B22*L$22+$C22*L$23+$D22*L$24+$E22*L$25)/SUM(L$22:L$25)) | N22: =IF(M22="","",($B22*M$22+$C22*M$23+$D22*M$24+$E22*M$25)/SUM(M$22:M$25)) | O22: =IF(N22="","",($B22*N$22+$C22*N$23+$D22*N$24+$E22*N$25)/SUM(N$22:N$25)) | P22: =IF(O22="","",($B22*O$22+$C22*O$23+$D22*O$24+$E22*O$25)/SUM(O$22:O$25)) | Q22: =IF(P22="","",($B22*P$22+$C22*P$23+$D22*P$24+$E22*P$25)/SUM(P$22:P$25)) | R22: =IF(Q22="","",($B22*Q$22+$C22*Q$23+$D22*Q$24+$E22*Q$25)/SUM(Q$22:Q$25)) | ... AX22: =IF(AW22="","",($B22*AW$22+$C22*AW$23+$D22*AW$24+$E22*AW$25)/SUM(AW$22:AW$25))
A23: ='Настройки'!B22 -> Простота реализации | B23: =IF(COUNT('Эксперт 1'!B27,'Эксперт 2'!B27,'Эксперт 3'!B27,'Эксперт 4'!B27)<4,"",PRODUCT('Эксперт 1'!B27,'Эксперт 2'!B27,'Эксперт 3'!B27,'Эксперт 4'!B27)^(1/4)) | C23: =IF(COUNT('Эксперт 1'!C27,'Эксперт 2'!C27,'Эксперт 3'!C27,'Эксперт 4'!C27)<4,"",PRODUCT('Эксперт 1'!C27,'Эксперт 2'!C27,'Эксперт 3'!C27,'Эксперт 4'!C27)^(1/4)) -> 1 | D23: =IF(COUNT('Эксперт 1'!D27,'Эксперт 2'!D27,'Эксперт 3'!D27,'Эксперт 4'!D27)<4,"",PRODUCT('Эксперт 1'!D27,'Эксперт 2'!D27,'Эксперт 3'!D27,'Эксперт 4'!D27)^(1/4)) | E23: =IF(COUNT('Эксперт 1'!E27,'Эксперт 2'!E27,'Эксперт 3'!E27,'Эксперт 4'!E27)<4,"",PRODUCT('Эксперт 1'!E27,'Эксперт 2'!E27,'Эксперт 3'!E27,'Эксперт 4'!E27)^(1/4)) | F23: =IF(AX23="","",AX23/SUM(AX$22:AX$25)) | G23: =IF(F23="","",(B23*$F$22+C23*$F$23+D23*$F$24+E23*$F$25)/F23) | J23: =IF(COUNT($B$22:$E$25)<16,"",1/4) | K23: =IF(J23="","",($B23*J$22+$C23*J$23+$D23*J$24+$E23*J$25)/SUM(J$22:J$25)) | L23: =IF(K23="","",($B23*K$22+$C23*K$23+$D23*K$24+$E23*K$25)/SUM(K$22:K$25)) | M23: =IF(L23="","",($B23*L$22+$C23*L$23+$D23*L$24+$E23*L$25)/SUM(L$22:L$25)) | N23: =IF(M23="","",($B23*M$22+$C23*M$23+$D23*M$24+$E23*M$25)/SUM(M$22:M$25)) | O23: =IF(N23="","",($B23*N$22+$C23*N$23+$D23*N$24+$E23*N$25)/SUM(N$22:N$25)) | P23: =IF(O23="","",($B23*O$22+$C23*O$23+$D23*O$24+$E23*O$25)/SUM(O$22:O$25)) | Q23: =IF(P23="","",($B23*P$22+$C23*P$23+$D23*P$24+$E23*P$25)/SUM(P$22:P$25)) | R23: =IF(Q23="","",($B23*Q$22+$C23*Q$23+$D23*Q$24+$E23*Q$25)/SUM(Q$22:Q$25)) | ... AX23: =IF(AW23="","",($B23*AW$22+$C23*AW$23+$D23*AW$24+$E23*AW$25)/SUM(AW$22:AW$25))
A24: ='Настройки'!B23 -> Удобство оценки и планирования | B24: =IF(COUNT('Эксперт 1'!B28,'Эксперт 2'!B28,'Эксперт 3'!B28,'Эксперт 4'!B28)<4,"",PRODUCT('Эксперт 1'!B28,'Эксперт 2'!B28,'Эксперт 3'!B28,'Эксперт 4'!B28)^(1/4)) | C24: =IF(COUNT('Эксперт 1'!C28,'Эксперт 2'!C28,'Эксперт 3'!C28,'Эксперт 4'!C28)<4,"",PRODUCT('Эксперт 1'!C28,'Эксперт 2'!C28,'Эксперт 3'!C28,'Эксперт 4'!C28)^(1/4)) | D24: =IF(COUNT('Эксперт 1'!D28,'Эксперт 2'!D28,'Эксперт 3'!D28,'Эксперт 4'!D28)<4,"",PRODUCT('Эксперт 1'!D28,'Эксперт 2'!D28,'Эксперт 3'!D28,'Эксперт 4'!D28)^(1/4)) -> 1 | E24: =IF(COUNT('Эксперт 1'!E28,'Эксперт 2'!E28,'Эксперт 3'!E28,'Эксперт 4'!E28)<4,"",PRODUCT('Эксперт 1'!E28,'Эксперт 2'!E28,'Эксперт 3'!E28,'Эксперт 4'!E28)^(1/4)) | F24: =IF(AX24="","",AX24/SUM(AX$22:AX$25)) | G24: =IF(F24="","",(B24*$F$22+C24*$F$23+D24*$F$24+E24*$F$25)/F24) | J24: =IF(COUNT($B$22:$E$25)<16,"",1/4) | K24: =IF(J24="","",($B24*J$22+$C24*J$23+$D24*J$24+$E24*J$25)/SUM(J$22:J$25)) | L24: =IF(K24="","",($B24*K$22+$C24*K$23+$D24*K$24+$E24*K$25)/SUM(K$22:K$25)) | M24: =IF(L24="","",($B24*L$22+$C24*L$23+$D24*L$24+$E24*L$25)/SUM(L$22:L$25)) | N24: =IF(M24="","",($B24*M$22+$C24*M$23+$D24*M$24+$E24*M$25)/SUM(M$22:M$25)) | O24: =IF(N24="","",($B24*N$22+$C24*N$23+$D24*N$24+$E24*N$25)/SUM(N$22:N$25)) | P24: =IF(O24="","",($B24*O$22+$C24*O$23+$D24*O$24+$E24*O$25)/SUM(O$22:O$25)) | Q24: =IF(P24="","",($B24*P$22+$C24*P$23+$D24*P$24+$E24*P$25)/SUM(P$22:P$25)) | R24: =IF(Q24="","",($B24*Q$22+$C24*Q$23+$D24*Q$24+$E24*Q$25)/SUM(Q$22:Q$25)) | ... AX24: =IF(AW24="","",($B24*AW$22+$C24*AW$23+$D24*AW$24+$E24*AW$25)/SUM(AW$22:AW$25))
A25: ='Настройки'!B24 -> Интерес команды | B25: =IF(COUNT('Эксперт 1'!B29,'Эксперт 2'!B29,'Эксперт 3'!B29,'Эксперт 4'!B29)<4,"",PRODUCT('Эксперт 1'!B29,'Эксперт 2'!B29,'Эксперт 3'!B29,'Эксперт 4'!B29)^(1/4)) | C25: =IF(COUNT('Эксперт 1'!C29,'Эксперт 2'!C29,'Эксперт 3'!C29,'Эксперт 4'!C29)<4,"",PRODUCT('Эксперт 1'!C29,'Эксперт 2'!C29,'Эксперт 3'!C29,'Эксперт 4'!C29)^(1/4)) | D25: =IF(COUNT('Эксперт 1'!D29,'Эксперт 2'!D29,'Эксперт 3'!D29,'Эксперт 4'!D29)<4,"",PRODUCT('Эксперт 1'!D29,'Эксперт 2'!D29,'Эксперт 3'!D29,'Эксперт 4'!D29)^(1/4)) | E25: =IF(COUNT('Эксперт 1'!E29,'Эксперт 2'!E29,'Эксперт 3'!E29,'Эксперт 4'!E29)<4,"",PRODUCT('Эксперт 1'!E29,'Эксперт 2'!E29,'Эксперт 3'!E29,'Эксперт 4'!E29)^(1/4)) -> 1 | F25: =IF(AX25="","",AX25/SUM(AX$22:AX$25)) | G25: =IF(F25="","",(B25*$F$22+C25*$F$23+D25*$F$24+E25*$F$25)/F25) | J25: =IF(COUNT($B$22:$E$25)<16,"",1/4) | K25: =IF(J25="","",($B25*J$22+$C25*J$23+$D25*J$24+$E25*J$25)/SUM(J$22:J$25)) | L25: =IF(K25="","",($B25*K$22+$C25*K$23+$D25*K$24+$E25*K$25)/SUM(K$22:K$25)) | M25: =IF(L25="","",($B25*L$22+$C25*L$23+$D25*L$24+$E25*L$25)/SUM(L$22:L$25)) | N25: =IF(M25="","",($B25*M$22+$C25*M$23+$D25*M$24+$E25*M$25)/SUM(M$22:M$25)) | O25: =IF(N25="","",($B25*N$22+$C25*N$23+$D25*N$24+$E25*N$25)/SUM(N$22:N$25)) | P25: =IF(O25="","",($B25*O$22+$C25*O$23+$D25*O$24+$E25*O$25)/SUM(O$22:O$25)) | Q25: =IF(P25="","",($B25*P$22+$C25*P$23+$D25*P$24+$E25*P$25)/SUM(P$22:P$25)) | R25: =IF(Q25="","",($B25*Q$22+$C25*Q$23+$D25*Q$24+$E25*Q$25)/SUM(Q$22:Q$25)) | ... AX25: =IF(AW25="","",($B25*AW$22+$C25*AW$23+$D25*AW$24+$E25*AW$25)/SUM(AW$22:AW$25))
A27: Проверка | B27: CR | C27: CI | D27: λ max | E27: Сумма весов | F27: Остаток Aw − λw
B28: =IF(COUNT(C28)=0,"",C28/'Настройки'!$B$32) | C28: =IF(D28="","",MAX(0,(D28-4)/3)) | D28: =IF(COUNT(G22:G25)<4,"",AVERAGE(G22:G25)) | E28: =IF(D28="","",SUM(F22:F25)) | F28: =IF(D28="","",MAX(ABS((G22-$D$28)*F22),ABS((G23-$D$28)*F23),ABS((G24-$D$28)*F24),ABS((G25-$D$28)*F25)))
A30: =IF(COUNT(B28)=0,"Нет оценок",IF(F28>0.00000001,"Недостаточная сходимость",IF(B28<='Настройки'!$B$31,"Согласовано","Пересмотреть сравнения"))) -> Нет оценок
A34: Коллективная матрица — проекты по K1
A35: Элемент | B35: ='Настройки'!B14 -> Детейлинг-центр | C35: ='Настройки'!B15 -> Планировщик покупок | D35: ='Настройки'!B16 -> Концепция 3 | E35: ='Настройки'!B17 -> Концепция 4 | F35: Приоритет | G35: Aw / w
A36: ='Настройки'!B14 -> Детейлинг-центр | B36: =IF(COUNT('Эксперт 1'!B38,'Эксперт 2'!B38,'Эксперт 3'!B38,'Эксперт 4'!B38)<4,"",PRODUCT('Эксперт 1'!B38,'Эксперт 2'!B38,'Эксперт 3'!B38,'Эксперт 4'!B38)^(1/4)) -> 1 | C36: =IF(COUNT('Эксперт 1'!C38,'Эксперт 2'!C38,'Эксперт 3'!C38,'Эксперт 4'!C38)<4,"",PRODUCT('Эксперт 1'!C38,'Эксперт 2'!C38,'Эксперт 3'!C38,'Эксперт 4'!C38)^(1/4)) | D36: =IF(COUNT('Эксперт 1'!D38,'Эксперт 2'!D38,'Эксперт 3'!D38,'Эксперт 4'!D38)<4,"",PRODUCT('Эксперт 1'!D38,'Эксперт 2'!D38,'Эксперт 3'!D38,'Эксперт 4'!D38)^(1/4)) | E36: =IF(COUNT('Эксперт 1'!E38,'Эксперт 2'!E38,'Эксперт 3'!E38,'Эксперт 4'!E38)<4,"",PRODUCT('Эксперт 1'!E38,'Эксперт 2'!E38,'Эксперт 3'!E38,'Эксперт 4'!E38)^(1/4)) | F36: =IF(AX36="","",AX36/SUM(AX$36:AX$39)) | G36: =IF(F36="","",(B36*$F$36+C36*$F$37+D36*$F$38+E36*$F$39)/F36) | J36: =IF(COUNT($B$36:$E$39)<16,"",1/4) | K36: =IF(J36="","",($B36*J$36+$C36*J$37+$D36*J$38+$E36*J$39)/SUM(J$36:J$39)) | L36: =IF(K36="","",($B36*K$36+$C36*K$37+$D36*K$38+$E36*K$39)/SUM(K$36:K$39)) | M36: =IF(L36="","",($B36*L$36+$C36*L$37+$D36*L$38+$E36*L$39)/SUM(L$36:L$39)) | N36: =IF(M36="","",($B36*M$36+$C36*M$37+$D36*M$38+$E36*M$39)/SUM(M$36:M$39)) | O36: =IF(N36="","",($B36*N$36+$C36*N$37+$D36*N$38+$E36*N$39)/SUM(N$36:N$39)) | P36: =IF(O36="","",($B36*O$36+$C36*O$37+$D36*O$38+$E36*O$39)/SUM(O$36:O$39)) | Q36: =IF(P36="","",($B36*P$36+$C36*P$37+$D36*P$38+$E36*P$39)/SUM(P$36:P$39)) | R36: =IF(Q36="","",($B36*Q$36+$C36*Q$37+$D36*Q$38+$E36*Q$39)/SUM(Q$36:Q$39)) | ... AX36: =IF(AW36="","",($B36*AW$36+$C36*AW$37+$D36*AW$38+$E36*AW$39)/SUM(AW$36:AW$39))
A37: ='Настройки'!B15 -> Планировщик покупок | B37: =IF(COUNT('Эксперт 1'!B39,'Эксперт 2'!B39,'Эксперт 3'!B39,'Эксперт 4'!B39)<4,"",PRODUCT('Эксперт 1'!B39,'Эксперт 2'!B39,'Эксперт 3'!B39,'Эксперт 4'!B39)^(1/4)) | C37: =IF(COUNT('Эксперт 1'!C39,'Эксперт 2'!C39,'Эксперт 3'!C39,'Эксперт 4'!C39)<4,"",PRODUCT('Эксперт 1'!C39,'Эксперт 2'!C39,'Эксперт 3'!C39,'Эксперт 4'!C39)^(1/4)) -> 1 | D37: =IF(COUNT('Эксперт 1'!D39,'Эксперт 2'!D39,'Эксперт 3'!D39,'Эксперт 4'!D39)<4,"",PRODUCT('Эксперт 1'!D39,'Эксперт 2'!D39,'Эксперт 3'!D39,'Эксперт 4'!D39)^(1/4)) | E37: =IF(COUNT('Эксперт 1'!E39,'Эксперт 2'!E39,'Эксперт 3'!E39,'Эксперт 4'!E39)<4,"",PRODUCT('Эксперт 1'!E39,'Эксперт 2'!E39,'Эксперт 3'!E39,'Эксперт 4'!E39)^(1/4)) | F37: =IF(AX37="","",AX37/SUM(AX$36:AX$39)) | G37: =IF(F37="","",(B37*$F$36+C37*$F$37+D37*$F$38+E37*$F$39)/F37) | J37: =IF(COUNT($B$36:$E$39)<16,"",1/4) | K37: =IF(J37="","",($B37*J$36+$C37*J$37+$D37*J$38+$E37*J$39)/SUM(J$36:J$39)) | L37: =IF(K37="","",($B37*K$36+$C37*K$37+$D37*K$38+$E37*K$39)/SUM(K$36:K$39)) | M37: =IF(L37="","",($B37*L$36+$C37*L$37+$D37*L$38+$E37*L$39)/SUM(L$36:L$39)) | N37: =IF(M37="","",($B37*M$36+$C37*M$37+$D37*M$38+$E37*M$39)/SUM(M$36:M$39)) | O37: =IF(N37="","",($B37*N$36+$C37*N$37+$D37*N$38+$E37*N$39)/SUM(N$36:N$39)) | P37: =IF(O37="","",($B37*O$36+$C37*O$37+$D37*O$38+$E37*O$39)/SUM(O$36:O$39)) | Q37: =IF(P37="","",($B37*P$36+$C37*P$37+$D37*P$38+$E37*P$39)/SUM(P$36:P$39)) | R37: =IF(Q37="","",($B37*Q$36+$C37*Q$37+$D37*Q$38+$E37*Q$39)/SUM(Q$36:Q$39)) | ... AX37: =IF(AW37="","",($B37*AW$36+$C37*AW$37+$D37*AW$38+$E37*AW$39)/SUM(AW$36:AW$39))
A38: ='Настройки'!B16 -> Концепция 3 | B38: =IF(COUNT('Эксперт 1'!B40,'Эксперт 2'!B40,'Эксперт 3'!B40,'Эксперт 4'!B40)<4,"",PRODUCT('Эксперт 1'!B40,'Эксперт 2'!B40,'Эксперт 3'!B40,'Эксперт 4'!B40)^(1/4)) | C38: =IF(COUNT('Эксперт 1'!C40,'Эксперт 2'!C40,'Эксперт 3'!C40,'Эксперт 4'!C40)<4,"",PRODUCT('Эксперт 1'!C40,'Эксперт 2'!C40,'Эксперт 3'!C40,'Эксперт 4'!C40)^(1/4)) | D38: =IF(COUNT('Эксперт 1'!D40,'Эксперт 2'!D40,'Эксперт 3'!D40,'Эксперт 4'!D40)<4,"",PRODUCT('Эксперт 1'!D40,'Эксперт 2'!D40,'Эксперт 3'!D40,'Эксперт 4'!D40)^(1/4)) -> 1 | E38: =IF(COUNT('Эксперт 1'!E40,'Эксперт 2'!E40,'Эксперт 3'!E40,'Эксперт 4'!E40)<4,"",PRODUCT('Эксперт 1'!E40,'Эксперт 2'!E40,'Эксперт 3'!E40,'Эксперт 4'!E40)^(1/4)) | F38: =IF(AX38="","",AX38/SUM(AX$36:AX$39)) | G38: =IF(F38="","",(B38*$F$36+C38*$F$37+D38*$F$38+E38*$F$39)/F38) | J38: =IF(COUNT($B$36:$E$39)<16,"",1/4) | K38: =IF(J38="","",($B38*J$36+$C38*J$37+$D38*J$38+$E38*J$39)/SUM(J$36:J$39)) | L38: =IF(K38="","",($B38*K$36+$C38*K$37+$D38*K$38+$E38*K$39)/SUM(K$36:K$39)) | M38: =IF(L38="","",($B38*L$36+$C38*L$37+$D38*L$38+$E38*L$39)/SUM(L$36:L$39)) | N38: =IF(M38="","",($B38*M$36+$C38*M$37+$D38*M$38+$E38*M$39)/SUM(M$36:M$39)) | O38: =IF(N38="","",($B38*N$36+$C38*N$37+$D38*N$38+$E38*N$39)/SUM(N$36:N$39)) | P38: =IF(O38="","",($B38*O$36+$C38*O$37+$D38*O$38+$E38*O$39)/SUM(O$36:O$39)) | Q38: =IF(P38="","",($B38*P$36+$C38*P$37+$D38*P$38+$E38*P$39)/SUM(P$36:P$39)) | R38: =IF(Q38="","",($B38*Q$36+$C38*Q$37+$D38*Q$38+$E38*Q$39)/SUM(Q$36:Q$39)) | ... AX38: =IF(AW38="","",($B38*AW$36+$C38*AW$37+$D38*AW$38+$E38*AW$39)/SUM(AW$36:AW$39))
A39: ='Настройки'!B17 -> Концепция 4 | B39: =IF(COUNT('Эксперт 1'!B41,'Эксперт 2'!B41,'Эксперт 3'!B41,'Эксперт 4'!B41)<4,"",PRODUCT('Эксперт 1'!B41,'Эксперт 2'!B41,'Эксперт 3'!B41,'Эксперт 4'!B41)^(1/4)) | C39: =IF(COUNT('Эксперт 1'!C41,'Эксперт 2'!C41,'Эксперт 3'!C41,'Эксперт 4'!C41)<4,"",PRODUCT('Эксперт 1'!C41,'Эксперт 2'!C41,'Эксперт 3'!C41,'Эксперт 4'!C41)^(1/4)) | D39: =IF(COUNT('Эксперт 1'!D41,'Эксперт 2'!D41,'Эксперт 3'!D41,'Эксперт 4'!D41)<4,"",PRODUCT('Эксперт 1'!D41,'Эксперт 2'!D41,'Эксперт 3'!D41,'Эксперт 4'!D41)^(1/4)) | E39: =IF(COUNT('Эксперт 1'!E41,'Эксперт 2'!E41,'Эксперт 3'!E41,'Эксперт 4'!E41)<4,"",PRODUCT('Эксперт 1'!E41,'Эксперт 2'!E41,'Эксперт 3'!E41,'Эксперт 4'!E41)^(1/4)) -> 1 | F39: =IF(AX39="","",AX39/SUM(AX$36:AX$39)) | G39: =IF(F39="","",(B39*$F$36+C39*$F$37+D39*$F$38+E39*$F$39)/F39) | J39: =IF(COUNT($B$36:$E$39)<16,"",1/4) | K39: =IF(J39="","",($B39*J$36+$C39*J$37+$D39*J$38+$E39*J$39)/SUM(J$36:J$39)) | L39: =IF(K39="","",($B39*K$36+$C39*K$37+$D39*K$38+$E39*K$39)/SUM(K$36:K$39)) | M39: =IF(L39="","",($B39*L$36+$C39*L$37+$D39*L$38+$E39*L$39)/SUM(L$36:L$39)) | N39: =IF(M39="","",($B39*M$36+$C39*M$37+$D39*M$38+$E39*M$39)/SUM(M$36:M$39)) | O39: =IF(N39="","",($B39*N$36+$C39*N$37+$D39*N$38+$E39*N$39)/SUM(N$36:N$39)) | P39: =IF(O39="","",($B39*O$36+$C39*O$37+$D39*O$38+$E39*O$39)/SUM(O$36:O$39)) | Q39: =IF(P39="","",($B39*P$36+$C39*P$37+$D39*P$38+$E39*P$39)/SUM(P$36:P$39)) | R39: =IF(Q39="","",($B39*Q$36+$C39*Q$37+$D39*Q$38+$E39*Q$39)/SUM(Q$36:Q$39)) | ... AX39: =IF(AW39="","",($B39*AW$36+$C39*AW$37+$D39*AW$38+$E39*AW$39)/SUM(AW$36:AW$39))
A41: Проверка | B41: CR | C41: CI | D41: λ max | E41: Сумма весов | F41: Остаток Aw − λw
B42: =IF(COUNT(C42)=0,"",C42/'Настройки'!$B$32) | C42: =IF(D42="","",MAX(0,(D42-4)/3)) | D42: =IF(COUNT(G36:G39)<4,"",AVERAGE(G36:G39)) | E42: =IF(D42="","",SUM(F36:F39)) | F42: =IF(D42="","",MAX(ABS((G36-$D$42)*F36),ABS((G37-$D$42)*F37),ABS((G38-$D$42)*F38),ABS((G39-$D$42)*F39)))
A44: =IF(COUNT(B42)=0,"Нет оценок",IF(F42>0.00000001,"Недостаточная сходимость",IF(B42<='Настройки'!$B$31,"Согласовано","Пересмотреть сравнения"))) -> Нет оценок
A48: Коллективная матрица — проекты по K2
A49: Элемент | B49: ='Настройки'!B14 -> Детейлинг-центр | C49: ='Настройки'!B15 -> Планировщик покупок | D49: ='Настройки'!B16 -> Концепция 3 | E49: ='Настройки'!B17 -> Концепция 4 | F49: Приоритет | G49: Aw / w
A50: ='Настройки'!B14 -> Детейлинг-центр | B50: =IF(COUNT('Эксперт 1'!B50,'Эксперт 2'!B50,'Эксперт 3'!B50,'Эксперт 4'!B50)<4,"",PRODUCT('Эксперт 1'!B50,'Эксперт 2'!B50,'Эксперт 3'!B50,'Эксперт 4'!B50)^(1/4)) -> 1 | C50: =IF(COUNT('Эксперт 1'!C50,'Эксперт 2'!C50,'Эксперт 3'!C50,'Эксперт 4'!C50)<4,"",PRODUCT('Эксперт 1'!C50,'Эксперт 2'!C50,'Эксперт 3'!C50,'Эксперт 4'!C50)^(1/4)) | D50: =IF(COUNT('Эксперт 1'!D50,'Эксперт 2'!D50,'Эксперт 3'!D50,'Эксперт 4'!D50)<4,"",PRODUCT('Эксперт 1'!D50,'Эксперт 2'!D50,'Эксперт 3'!D50,'Эксперт 4'!D50)^(1/4)) | E50: =IF(COUNT('Эксперт 1'!E50,'Эксперт 2'!E50,'Эксперт 3'!E50,'Эксперт 4'!E50)<4,"",PRODUCT('Эксперт 1'!E50,'Эксперт 2'!E50,'Эксперт 3'!E50,'Эксперт 4'!E50)^(1/4)) | F50: =IF(AX50="","",AX50/SUM(AX$50:AX$53)) | G50: =IF(F50="","",(B50*$F$50+C50*$F$51+D50*$F$52+E50*$F$53)/F50) | J50: =IF(COUNT($B$50:$E$53)<16,"",1/4) | K50: =IF(J50="","",($B50*J$50+$C50*J$51+$D50*J$52+$E50*J$53)/SUM(J$50:J$53)) | L50: =IF(K50="","",($B50*K$50+$C50*K$51+$D50*K$52+$E50*K$53)/SUM(K$50:K$53)) | M50: =IF(L50="","",($B50*L$50+$C50*L$51+$D50*L$52+$E50*L$53)/SUM(L$50:L$53)) | N50: =IF(M50="","",($B50*M$50+$C50*M$51+$D50*M$52+$E50*M$53)/SUM(M$50:M$53)) | O50: =IF(N50="","",($B50*N$50+$C50*N$51+$D50*N$52+$E50*N$53)/SUM(N$50:N$53)) | P50: =IF(O50="","",($B50*O$50+$C50*O$51+$D50*O$52+$E50*O$53)/SUM(O$50:O$53)) | Q50: =IF(P50="","",($B50*P$50+$C50*P$51+$D50*P$52+$E50*P$53)/SUM(P$50:P$53)) | R50: =IF(Q50="","",($B50*Q$50+$C50*Q$51+$D50*Q$52+$E50*Q$53)/SUM(Q$50:Q$53)) | ... AX50: =IF(AW50="","",($B50*AW$50+$C50*AW$51+$D50*AW$52+$E50*AW$53)/SUM(AW$50:AW$53))
A51: ='Настройки'!B15 -> Планировщик покупок | B51: =IF(COUNT('Эксперт 1'!B51,'Эксперт 2'!B51,'Эксперт 3'!B51,'Эксперт 4'!B51)<4,"",PRODUCT('Эксперт 1'!B51,'Эксперт 2'!B51,'Эксперт 3'!B51,'Эксперт 4'!B51)^(1/4)) | C51: =IF(COUNT('Эксперт 1'!C51,'Эксперт 2'!C51,'Эксперт 3'!C51,'Эксперт 4'!C51)<4,"",PRODUCT('Эксперт 1'!C51,'Эксперт 2'!C51,'Эксперт 3'!C51,'Эксперт 4'!C51)^(1/4)) -> 1 | D51: =IF(COUNT('Эксперт 1'!D51,'Эксперт 2'!D51,'Эксперт 3'!D51,'Эксперт 4'!D51)<4,"",PRODUCT('Эксперт 1'!D51,'Эксперт 2'!D51,'Эксперт 3'!D51,'Эксперт 4'!D51)^(1/4)) | E51: =IF(COUNT('Эксперт 1'!E51,'Эксперт 2'!E51,'Эксперт 3'!E51,'Эксперт 4'!E51)<4,"",PRODUCT('Эксперт 1'!E51,'Эксперт 2'!E51,'Эксперт 3'!E51,'Эксперт 4'!E51)^(1/4)) | F51: =IF(AX51="","",AX51/SUM(AX$50:AX$53)) | G51: =IF(F51="","",(B51*$F$50+C51*$F$51+D51*$F$52+E51*$F$53)/F51) | J51: =IF(COUNT($B$50:$E$53)<16,"",1/4) | K51: =IF(J51="","",($B51*J$50+$C51*J$51+$D51*J$52+$E51*J$53)/SUM(J$50:J$53)) | L51: =IF(K51="","",($B51*K$50+$C51*K$51+$D51*K$52+$E51*K$53)/SUM(K$50:K$53)) | M51: =IF(L51="","",($B51*L$50+$C51*L$51+$D51*L$52+$E51*L$53)/SUM(L$50:L$53)) | N51: =IF(M51="","",($B51*M$50+$C51*M$51+$D51*M$52+$E51*M$53)/SUM(M$50:M$53)) | O51: =IF(N51="","",($B51*N$50+$C51*N$51+$D51*N$52+$E51*N$53)/SUM(N$50:N$53)) | P51: =IF(O51="","",($B51*O$50+$C51*O$51+$D51*O$52+$E51*O$53)/SUM(O$50:O$53)) | Q51: =IF(P51="","",($B51*P$50+$C51*P$51+$D51*P$52+$E51*P$53)/SUM(P$50:P$53)) | R51: =IF(Q51="","",($B51*Q$50+$C51*Q$51+$D51*Q$52+$E51*Q$53)/SUM(Q$50:Q$53)) | ... AX51: =IF(AW51="","",($B51*AW$50+$C51*AW$51+$D51*AW$52+$E51*AW$53)/SUM(AW$50:AW$53))
A52: ='Настройки'!B16 -> Концепция 3 | B52: =IF(COUNT('Эксперт 1'!B52,'Эксперт 2'!B52,'Эксперт 3'!B52,'Эксперт 4'!B52)<4,"",PRODUCT('Эксперт 1'!B52,'Эксперт 2'!B52,'Эксперт 3'!B52,'Эксперт 4'!B52)^(1/4)) | C52: =IF(COUNT('Эксперт 1'!C52,'Эксперт 2'!C52,'Эксперт 3'!C52,'Эксперт 4'!C52)<4,"",PRODUCT('Эксперт 1'!C52,'Эксперт 2'!C52,'Эксперт 3'!C52,'Эксперт 4'!C52)^(1/4)) | D52: =IF(COUNT('Эксперт 1'!D52,'Эксперт 2'!D52,'Эксперт 3'!D52,'Эксперт 4'!D52)<4,"",PRODUCT('Эксперт 1'!D52,'Эксперт 2'!D52,'Эксперт 3'!D52,'Эксперт 4'!D52)^(1/4)) -> 1 | E52: =IF(COUNT('Эксперт 1'!E52,'Эксперт 2'!E52,'Эксперт 3'!E52,'Эксперт 4'!E52)<4,"",PRODUCT('Эксперт 1'!E52,'Эксперт 2'!E52,'Эксперт 3'!E52,'Эксперт 4'!E52)^(1/4)) | F52: =IF(AX52="","",AX52/SUM(AX$50:AX$53)) | G52: =IF(F52="","",(B52*$F$50+C52*$F$51+D52*$F$52+E52*$F$53)/F52) | J52: =IF(COUNT($B$50:$E$53)<16,"",1/4) | K52: =IF(J52="","",($B52*J$50+$C52*J$51+$D52*J$52+$E52*J$53)/SUM(J$50:J$53)) | L52: =IF(K52="","",($B52*K$50+$C52*K$51+$D52*K$52+$E52*K$53)/SUM(K$50:K$53)) | M52: =IF(L52="","",($B52*L$50+$C52*L$51+$D52*L$52+$E52*L$53)/SUM(L$50:L$53)) | N52: =IF(M52="","",($B52*M$50+$C52*M$51+$D52*M$52+$E52*M$53)/SUM(M$50:M$53)) | O52: =IF(N52="","",($B52*N$50+$C52*N$51+$D52*N$52+$E52*N$53)/SUM(N$50:N$53)) | P52: =IF(O52="","",($B52*O$50+$C52*O$51+$D52*O$52+$E52*O$53)/SUM(O$50:O$53)) | Q52: =IF(P52="","",($B52*P$50+$C52*P$51+$D52*P$52+$E52*P$53)/SUM(P$50:P$53)) | R52: =IF(Q52="","",($B52*Q$50+$C52*Q$51+$D52*Q$52+$E52*Q$53)/SUM(Q$50:Q$53)) | ... AX52: =IF(AW52="","",($B52*AW$50+$C52*AW$51+$D52*AW$52+$E52*AW$53)/SUM(AW$50:AW$53))
A53: ='Настройки'!B17 -> Концепция 4 | B53: =IF(COUNT('Эксперт 1'!B53,'Эксперт 2'!B53,'Эксперт 3'!B53,'Эксперт 4'!B53)<4,"",PRODUCT('Эксперт 1'!B53,'Эксперт 2'!B53,'Эксперт 3'!B53,'Эксперт 4'!B53)^(1/4)) | C53: =IF(COUNT('Эксперт 1'!C53,'Эксперт 2'!C53,'Эксперт 3'!C53,'Эксперт 4'!C53)<4,"",PRODUCT('Эксперт 1'!C53,'Эксперт 2'!C53,'Эксперт 3'!C53,'Эксперт 4'!C53)^(1/4)) | D53: =IF(COUNT('Эксперт 1'!D53,'Эксперт 2'!D53,'Эксперт 3'!D53,'Эксперт 4'!D53)<4,"",PRODUCT('Эксперт 1'!D53,'Эксперт 2'!D53,'Эксперт 3'!D53,'Эксперт 4'!D53)^(1/4)) | E53: =IF(COUNT('Эксперт 1'!E53,'Эксперт 2'!E53,'Эксперт 3'!E53,'Эксперт 4'!E53)<4,"",PRODUCT('Эксперт 1'!E53,'Эксперт 2'!E53,'Эксперт 3'!E53,'Эксперт 4'!E53)^(1/4)) -> 1 | F53: =IF(AX53="","",AX53/SUM(AX$50:AX$53)) | G53: =IF(F53="","",(B53*$F$50+C53*$F$51+D53*$F$52+E53*$F$53)/F53) | J53: =IF(COUNT($B$50:$E$53)<16,"",1/4) | K53: =IF(J53="","",($B53*J$50+$C53*J$51+$D53*J$52+$E53*J$53)/SUM(J$50:J$53)) | L53: =IF(K53="","",($B53*K$50+$C53*K$51+$D53*K$52+$E53*K$53)/SUM(K$50:K$53)) | M53: =IF(L53="","",($B53*L$50+$C53*L$51+$D53*L$52+$E53*L$53)/SUM(L$50:L$53)) | N53: =IF(M53="","",($B53*M$50+$C53*M$51+$D53*M$52+$E53*M$53)/SUM(M$50:M$53)) | O53: =IF(N53="","",($B53*N$50+$C53*N$51+$D53*N$52+$E53*N$53)/SUM(N$50:N$53)) | P53: =IF(O53="","",($B53*O$50+$C53*O$51+$D53*O$52+$E53*O$53)/SUM(O$50:O$53)) | Q53: =IF(P53="","",($B53*P$50+$C53*P$51+$D53*P$52+$E53*P$53)/SUM(P$50:P$53)) | R53: =IF(Q53="","",($B53*Q$50+$C53*Q$51+$D53*Q$52+$E53*Q$53)/SUM(Q$50:Q$53)) | ... AX53: =IF(AW53="","",($B53*AW$50+$C53*AW$51+$D53*AW$52+$E53*AW$53)/SUM(AW$50:AW$53))
A55: Проверка | B55: CR | C55: CI | D55: λ max | E55: Сумма весов | F55: Остаток Aw − λw
B56: =IF(COUNT(C56)=0,"",C56/'Настройки'!$B$32) | C56: =IF(D56="","",MAX(0,(D56-4)/3)) | D56: =IF(COUNT(G50:G53)<4,"",AVERAGE(G50:G53)) | E56: =IF(D56="","",SUM(F50:F53)) | F56: =IF(D56="","",MAX(ABS((G50-$D$56)*F50),ABS((G51-$D$56)*F51),ABS((G52-$D$56)*F52),ABS((G53-$D$56)*F53)))
A58: =IF(COUNT(B56)=0,"Нет оценок",IF(F56>0.00000001,"Недостаточная сходимость",IF(B56<='Настройки'!$B$31,"Согласовано","Пересмотреть сравнения"))) -> Нет оценок
A62: Коллективная матрица — проекты по K3
A63: Элемент | B63: ='Настройки'!B14 -> Детейлинг-центр | C63: ='Настройки'!B15 -> Планировщик покупок | D63: ='Настройки'!B16 -> Концепция 3 | E63: ='Настройки'!B17 -> Концепция 4 | F63: Приоритет | G63: Aw / w
A64: ='Настройки'!B14 -> Детейлинг-центр | B64: =IF(COUNT('Эксперт 1'!B62,'Эксперт 2'!B62,'Эксперт 3'!B62,'Эксперт 4'!B62)<4,"",PRODUCT('Эксперт 1'!B62,'Эксперт 2'!B62,'Эксперт 3'!B62,'Эксперт 4'!B62)^(1/4)) -> 1 | C64: =IF(COUNT('Эксперт 1'!C62,'Эксперт 2'!C62,'Эксперт 3'!C62,'Эксперт 4'!C62)<4,"",PRODUCT('Эксперт 1'!C62,'Эксперт 2'!C62,'Эксперт 3'!C62,'Эксперт 4'!C62)^(1/4)) | D64: =IF(COUNT('Эксперт 1'!D62,'Эксперт 2'!D62,'Эксперт 3'!D62,'Эксперт 4'!D62)<4,"",PRODUCT('Эксперт 1'!D62,'Эксперт 2'!D62,'Эксперт 3'!D62,'Эксперт 4'!D62)^(1/4)) | E64: =IF(COUNT('Эксперт 1'!E62,'Эксперт 2'!E62,'Эксперт 3'!E62,'Эксперт 4'!E62)<4,"",PRODUCT('Эксперт 1'!E62,'Эксперт 2'!E62,'Эксперт 3'!E62,'Эксперт 4'!E62)^(1/4)) | F64: =IF(AX64="","",AX64/SUM(AX$64:AX$67)) | G64: =IF(F64="","",(B64*$F$64+C64*$F$65+D64*$F$66+E64*$F$67)/F64) | J64: =IF(COUNT($B$64:$E$67)<16,"",1/4) | K64: =IF(J64="","",($B64*J$64+$C64*J$65+$D64*J$66+$E64*J$67)/SUM(J$64:J$67)) | L64: =IF(K64="","",($B64*K$64+$C64*K$65+$D64*K$66+$E64*K$67)/SUM(K$64:K$67)) | M64: =IF(L64="","",($B64*L$64+$C64*L$65+$D64*L$66+$E64*L$67)/SUM(L$64:L$67)) | N64: =IF(M64="","",($B64*M$64+$C64*M$65+$D64*M$66+$E64*M$67)/SUM(M$64:M$67)) | O64: =IF(N64="","",($B64*N$64+$C64*N$65+$D64*N$66+$E64*N$67)/SUM(N$64:N$67)) | P64: =IF(O64="","",($B64*O$64+$C64*O$65+$D64*O$66+$E64*O$67)/SUM(O$64:O$67)) | Q64: =IF(P64="","",($B64*P$64+$C64*P$65+$D64*P$66+$E64*P$67)/SUM(P$64:P$67)) | R64: =IF(Q64="","",($B64*Q$64+$C64*Q$65+$D64*Q$66+$E64*Q$67)/SUM(Q$64:Q$67)) | ... AX64: =IF(AW64="","",($B64*AW$64+$C64*AW$65+$D64*AW$66+$E64*AW$67)/SUM(AW$64:AW$67))
A65: ='Настройки'!B15 -> Планировщик покупок | B65: =IF(COUNT('Эксперт 1'!B63,'Эксперт 2'!B63,'Эксперт 3'!B63,'Эксперт 4'!B63)<4,"",PRODUCT('Эксперт 1'!B63,'Эксперт 2'!B63,'Эксперт 3'!B63,'Эксперт 4'!B63)^(1/4)) | C65: =IF(COUNT('Эксперт 1'!C63,'Эксперт 2'!C63,'Эксперт 3'!C63,'Эксперт 4'!C63)<4,"",PRODUCT('Эксперт 1'!C63,'Эксперт 2'!C63,'Эксперт 3'!C63,'Эксперт 4'!C63)^(1/4)) -> 1 | D65: =IF(COUNT('Эксперт 1'!D63,'Эксперт 2'!D63,'Эксперт 3'!D63,'Эксперт 4'!D63)<4,"",PRODUCT('Эксперт 1'!D63,'Эксперт 2'!D63,'Эксперт 3'!D63,'Эксперт 4'!D63)^(1/4)) | E65: =IF(COUNT('Эксперт 1'!E63,'Эксперт 2'!E63,'Эксперт 3'!E63,'Эксперт 4'!E63)<4,"",PRODUCT('Эксперт 1'!E63,'Эксперт 2'!E63,'Эксперт 3'!E63,'Эксперт 4'!E63)^(1/4)) | F65: =IF(AX65="","",AX65/SUM(AX$64:AX$67)) | G65: =IF(F65="","",(B65*$F$64+C65*$F$65+D65*$F$66+E65*$F$67)/F65) | J65: =IF(COUNT($B$64:$E$67)<16,"",1/4) | K65: =IF(J65="","",($B65*J$64+$C65*J$65+$D65*J$66+$E65*J$67)/SUM(J$64:J$67)) | L65: =IF(K65="","",($B65*K$64+$C65*K$65+$D65*K$66+$E65*K$67)/SUM(K$64:K$67)) | M65: =IF(L65="","",($B65*L$64+$C65*L$65+$D65*L$66+$E65*L$67)/SUM(L$64:L$67)) | N65: =IF(M65="","",($B65*M$64+$C65*M$65+$D65*M$66+$E65*M$67)/SUM(M$64:M$67)) | O65: =IF(N65="","",($B65*N$64+$C65*N$65+$D65*N$66+$E65*N$67)/SUM(N$64:N$67)) | P65: =IF(O65="","",($B65*O$64+$C65*O$65+$D65*O$66+$E65*O$67)/SUM(O$64:O$67)) | Q65: =IF(P65="","",($B65*P$64+$C65*P$65+$D65*P$66+$E65*P$67)/SUM(P$64:P$67)) | R65: =IF(Q65="","",($B65*Q$64+$C65*Q$65+$D65*Q$66+$E65*Q$67)/SUM(Q$64:Q$67)) | ... AX65: =IF(AW65="","",($B65*AW$64+$C65*AW$65+$D65*AW$66+$E65*AW$67)/SUM(AW$64:AW$67))
A66: ='Настройки'!B16 -> Концепция 3 | B66: =IF(COUNT('Эксперт 1'!B64,'Эксперт 2'!B64,'Эксперт 3'!B64,'Эксперт 4'!B64)<4,"",PRODUCT('Эксперт 1'!B64,'Эксперт 2'!B64,'Эксперт 3'!B64,'Эксперт 4'!B64)^(1/4)) | C66: =IF(COUNT('Эксперт 1'!C64,'Эксперт 2'!C64,'Эксперт 3'!C64,'Эксперт 4'!C64)<4,"",PRODUCT('Эксперт 1'!C64,'Эксперт 2'!C64,'Эксперт 3'!C64,'Эксперт 4'!C64)^(1/4)) | D66: =IF(COUNT('Эксперт 1'!D64,'Эксперт 2'!D64,'Эксперт 3'!D64,'Эксперт 4'!D64)<4,"",PRODUCT('Эксперт 1'!D64,'Эксперт 2'!D64,'Эксперт 3'!D64,'Эксперт 4'!D64)^(1/4)) -> 1 | E66: =IF(COUNT('Эксперт 1'!E64,'Эксперт 2'!E64,'Эксперт 3'!E64,'Эксперт 4'!E64)<4,"",PRODUCT('Эксперт 1'!E64,'Эксперт 2'!E64,'Эксперт 3'!E64,'Эксперт 4'!E64)^(1/4)) | F66: =IF(AX66="","",AX66/SUM(AX$64:AX$67)) | G66: =IF(F66="","",(B66*$F$64+C66*$F$65+D66*$F$66+E66*$F$67)/F66) | J66: =IF(COUNT($B$64:$E$67)<16,"",1/4) | K66: =IF(J66="","",($B66*J$64+$C66*J$65+$D66*J$66+$E66*J$67)/SUM(J$64:J$67)) | L66: =IF(K66="","",($B66*K$64+$C66*K$65+$D66*K$66+$E66*K$67)/SUM(K$64:K$67)) | M66: =IF(L66="","",($B66*L$64+$C66*L$65+$D66*L$66+$E66*L$67)/SUM(L$64:L$67)) | N66: =IF(M66="","",($B66*M$64+$C66*M$65+$D66*M$66+$E66*M$67)/SUM(M$64:M$67)) | O66: =IF(N66="","",($B66*N$64+$C66*N$65+$D66*N$66+$E66*N$67)/SUM(N$64:N$67)) | P66: =IF(O66="","",($B66*O$64+$C66*O$65+$D66*O$66+$E66*O$67)/SUM(O$64:O$67)) | Q66: =IF(P66="","",($B66*P$64+$C66*P$65+$D66*P$66+$E66*P$67)/SUM(P$64:P$67)) | R66: =IF(Q66="","",($B66*Q$64+$C66*Q$65+$D66*Q$66+$E66*Q$67)/SUM(Q$64:Q$67)) | ... AX66: =IF(AW66="","",($B66*AW$64+$C66*AW$65+$D66*AW$66+$E66*AW$67)/SUM(AW$64:AW$67))
A67: ='Настройки'!B17 -> Концепция 4 | B67: =IF(COUNT('Эксперт 1'!B65,'Эксперт 2'!B65,'Эксперт 3'!B65,'Эксперт 4'!B65)<4,"",PRODUCT('Эксперт 1'!B65,'Эксперт 2'!B65,'Эксперт 3'!B65,'Эксперт 4'!B65)^(1/4)) | C67: =IF(COUNT('Эксперт 1'!C65,'Эксперт 2'!C65,'Эксперт 3'!C65,'Эксперт 4'!C65)<4,"",PRODUCT('Эксперт 1'!C65,'Эксперт 2'!C65,'Эксперт 3'!C65,'Эксперт 4'!C65)^(1/4)) | D67: =IF(COUNT('Эксперт 1'!D65,'Эксперт 2'!D65,'Эксперт 3'!D65,'Эксперт 4'!D65)<4,"",PRODUCT('Эксперт 1'!D65,'Эксперт 2'!D65,'Эксперт 3'!D65,'Эксперт 4'!D65)^(1/4)) | E67: =IF(COUNT('Эксперт 1'!E65,'Эксперт 2'!E65,'Эксперт 3'!E65,'Эксперт 4'!E65)<4,"",PRODUCT('Эксперт 1'!E65,'Эксперт 2'!E65,'Эксперт 3'!E65,'Эксперт 4'!E65)^(1/4)) -> 1 | F67: =IF(AX67="","",AX67/SUM(AX$64:AX$67)) | G67: =IF(F67="","",(B67*$F$64+C67*$F$65+D67*$F$66+E67*$F$67)/F67) | J67: =IF(COUNT($B$64:$E$67)<16,"",1/4) | K67: =IF(J67="","",($B67*J$64+$C67*J$65+$D67*J$66+$E67*J$67)/SUM(J$64:J$67)) | L67: =IF(K67="","",($B67*K$64+$C67*K$65+$D67*K$66+$E67*K$67)/SUM(K$64:K$67)) | M67: =IF(L67="","",($B67*L$64+$C67*L$65+$D67*L$66+$E67*L$67)/SUM(L$64:L$67)) | N67: =IF(M67="","",($B67*M$64+$C67*M$65+$D67*M$66+$E67*M$67)/SUM(M$64:M$67)) | O67: =IF(N67="","",($B67*N$64+$C67*N$65+$D67*N$66+$E67*N$67)/SUM(N$64:N$67)) | P67: =IF(O67="","",($B67*O$64+$C67*O$65+$D67*O$66+$E67*O$67)/SUM(O$64:O$67)) | Q67: =IF(P67="","",($B67*P$64+$C67*P$65+$D67*P$66+$E67*P$67)/SUM(P$64:P$67)) | R67: =IF(Q67="","",($B67*Q$64+$C67*Q$65+$D67*Q$66+$E67*Q$67)/SUM(Q$64:Q$67)) | ... AX67: =IF(AW67="","",($B67*AW$64+$C67*AW$65+$D67*AW$66+$E67*AW$67)/SUM(AW$64:AW$67))
A69: Проверка | B69: CR | C69: CI | D69: λ max | E69: Сумма весов | F69: Остаток Aw − λw
B70: =IF(COUNT(C70)=0,"",C70/'Настройки'!$B$32) | C70: =IF(D70="","",MAX(0,(D70-4)/3)) | D70: =IF(COUNT(G64:G67)<4,"",AVERAGE(G64:G67)) | E70: =IF(D70="","",SUM(F64:F67)) | F70: =IF(D70="","",MAX(ABS((G64-$D$70)*F64),ABS((G65-$D$70)*F65),ABS((G66-$D$70)*F66),ABS((G67-$D$70)*F67)))
A72: =IF(COUNT(B70)=0,"Нет оценок",IF(F70>0.00000001,"Недостаточная сходимость",IF(B70<='Настройки'!$B$31,"Согласовано","Пересмотреть сравнения"))) -> Нет оценок
A76: Коллективная матрица — проекты по K4
A77: Элемент | B77: ='Настройки'!B14 -> Детейлинг-центр | C77: ='Настройки'!B15 -> Планировщик покупок | D77: ='Настройки'!B16 -> Концепция 3 | E77: ='Настройки'!B17 -> Концепция 4 | F77: Приоритет | G77: Aw / w
A78: ='Настройки'!B14 -> Детейлинг-центр | B78: =IF(COUNT('Эксперт 1'!B74,'Эксперт 2'!B74,'Эксперт 3'!B74,'Эксперт 4'!B74)<4,"",PRODUCT('Эксперт 1'!B74,'Эксперт 2'!B74,'Эксперт 3'!B74,'Эксперт 4'!B74)^(1/4)) -> 1 | C78: =IF(COUNT('Эксперт 1'!C74,'Эксперт 2'!C74,'Эксперт 3'!C74,'Эксперт 4'!C74)<4,"",PRODUCT('Эксперт 1'!C74,'Эксперт 2'!C74,'Эксперт 3'!C74,'Эксперт 4'!C74)^(1/4)) | D78: =IF(COUNT('Эксперт 1'!D74,'Эксперт 2'!D74,'Эксперт 3'!D74,'Эксперт 4'!D74)<4,"",PRODUCT('Эксперт 1'!D74,'Эксперт 2'!D74,'Эксперт 3'!D74,'Эксперт 4'!D74)^(1/4)) | E78: =IF(COUNT('Эксперт 1'!E74,'Эксперт 2'!E74,'Эксперт 3'!E74,'Эксперт 4'!E74)<4,"",PRODUCT('Эксперт 1'!E74,'Эксперт 2'!E74,'Эксперт 3'!E74,'Эксперт 4'!E74)^(1/4)) | F78: =IF(AX78="","",AX78/SUM(AX$78:AX$81)) | G78: =IF(F78="","",(B78*$F$78+C78*$F$79+D78*$F$80+E78*$F$81)/F78) | J78: =IF(COUNT($B$78:$E$81)<16,"",1/4) | K78: =IF(J78="","",($B78*J$78+$C78*J$79+$D78*J$80+$E78*J$81)/SUM(J$78:J$81)) | L78: =IF(K78="","",($B78*K$78+$C78*K$79+$D78*K$80+$E78*K$81)/SUM(K$78:K$81)) | M78: =IF(L78="","",($B78*L$78+$C78*L$79+$D78*L$80+$E78*L$81)/SUM(L$78:L$81)) | N78: =IF(M78="","",($B78*M$78+$C78*M$79+$D78*M$80+$E78*M$81)/SUM(M$78:M$81)) | O78: =IF(N78="","",($B78*N$78+$C78*N$79+$D78*N$80+$E78*N$81)/SUM(N$78:N$81)) | P78: =IF(O78="","",($B78*O$78+$C78*O$79+$D78*O$80+$E78*O$81)/SUM(O$78:O$81)) | Q78: =IF(P78="","",($B78*P$78+$C78*P$79+$D78*P$80+$E78*P$81)/SUM(P$78:P$81)) | R78: =IF(Q78="","",($B78*Q$78+$C78*Q$79+$D78*Q$80+$E78*Q$81)/SUM(Q$78:Q$81)) | ... AX78: =IF(AW78="","",($B78*AW$78+$C78*AW$79+$D78*AW$80+$E78*AW$81)/SUM(AW$78:AW$81))
A79: ='Настройки'!B15 -> Планировщик покупок | B79: =IF(COUNT('Эксперт 1'!B75,'Эксперт 2'!B75,'Эксперт 3'!B75,'Эксперт 4'!B75)<4,"",PRODUCT('Эксперт 1'!B75,'Эксперт 2'!B75,'Эксперт 3'!B75,'Эксперт 4'!B75)^(1/4)) | C79: =IF(COUNT('Эксперт 1'!C75,'Эксперт 2'!C75,'Эксперт 3'!C75,'Эксперт 4'!C75)<4,"",PRODUCT('Эксперт 1'!C75,'Эксперт 2'!C75,'Эксперт 3'!C75,'Эксперт 4'!C75)^(1/4)) -> 1 | D79: =IF(COUNT('Эксперт 1'!D75,'Эксперт 2'!D75,'Эксперт 3'!D75,'Эксперт 4'!D75)<4,"",PRODUCT('Эксперт 1'!D75,'Эксперт 2'!D75,'Эксперт 3'!D75,'Эксперт 4'!D75)^(1/4)) | E79: =IF(COUNT('Эксперт 1'!E75,'Эксперт 2'!E75,'Эксперт 3'!E75,'Эксперт 4'!E75)<4,"",PRODUCT('Эксперт 1'!E75,'Эксперт 2'!E75,'Эксперт 3'!E75,'Эксперт 4'!E75)^(1/4)) | F79: =IF(AX79="","",AX79/SUM(AX$78:AX$81)) | G79: =IF(F79="","",(B79*$F$78+C79*$F$79+D79*$F$80+E79*$F$81)/F79) | J79: =IF(COUNT($B$78:$E$81)<16,"",1/4) | K79: =IF(J79="","",($B79*J$78+$C79*J$79+$D79*J$80+$E79*J$81)/SUM(J$78:J$81)) | L79: =IF(K79="","",($B79*K$78+$C79*K$79+$D79*K$80+$E79*K$81)/SUM(K$78:K$81)) | M79: =IF(L79="","",($B79*L$78+$C79*L$79+$D79*L$80+$E79*L$81)/SUM(L$78:L$81)) | N79: =IF(M79="","",($B79*M$78+$C79*M$79+$D79*M$80+$E79*M$81)/SUM(M$78:M$81)) | O79: =IF(N79="","",($B79*N$78+$C79*N$79+$D79*N$80+$E79*N$81)/SUM(N$78:N$81)) | P79: =IF(O79="","",($B79*O$78+$C79*O$79+$D79*O$80+$E79*O$81)/SUM(O$78:O$81)) | Q79: =IF(P79="","",($B79*P$78+$C79*P$79+$D79*P$80+$E79*P$81)/SUM(P$78:P$81)) | R79: =IF(Q79="","",($B79*Q$78+$C79*Q$79+$D79*Q$80+$E79*Q$81)/SUM(Q$78:Q$81)) | ... AX79: =IF(AW79="","",($B79*AW$78+$C79*AW$79+$D79*AW$80+$E79*AW$81)/SUM(AW$78:AW$81))
A80: ='Настройки'!B16 -> Концепция 3 | B80: =IF(COUNT('Эксперт 1'!B76,'Эксперт 2'!B76,'Эксперт 3'!B76,'Эксперт 4'!B76)<4,"",PRODUCT('Эксперт 1'!B76,'Эксперт 2'!B76,'Эксперт 3'!B76,'Эксперт 4'!B76)^(1/4)) | C80: =IF(COUNT('Эксперт 1'!C76,'Эксперт 2'!C76,'Эксперт 3'!C76,'Эксперт 4'!C76)<4,"",PRODUCT('Эксперт 1'!C76,'Эксперт 2'!C76,'Эксперт 3'!C76,'Эксперт 4'!C76)^(1/4)) | D80: =IF(COUNT('Эксперт 1'!D76,'Эксперт 2'!D76,'Эксперт 3'!D76,'Эксперт 4'!D76)<4,"",PRODUCT('Эксперт 1'!D76,'Эксперт 2'!D76,'Эксперт 3'!D76,'Эксперт 4'!D76)^(1/4)) -> 1 | E80: =IF(COUNT('Эксперт 1'!E76,'Эксперт 2'!E76,'Эксперт 3'!E76,'Эксперт 4'!E76)<4,"",PRODUCT('Эксперт 1'!E76,'Эксперт 2'!E76,'Эксперт 3'!E76,'Эксперт 4'!E76)^(1/4)) | F80: =IF(AX80="","",AX80/SUM(AX$78:AX$81)) | G80: =IF(F80="","",(B80*$F$78+C80*$F$79+D80*$F$80+E80*$F$81)/F80) | J80: =IF(COUNT($B$78:$E$81)<16,"",1/4) | K80: =IF(J80="","",($B80*J$78+$C80*J$79+$D80*J$80+$E80*J$81)/SUM(J$78:J$81)) | L80: =IF(K80="","",($B80*K$78+$C80*K$79+$D80*K$80+$E80*K$81)/SUM(K$78:K$81)) | M80: =IF(L80="","",($B80*L$78+$C80*L$79+$D80*L$80+$E80*L$81)/SUM(L$78:L$81)) | N80: =IF(M80="","",($B80*M$78+$C80*M$79+$D80*M$80+$E80*M$81)/SUM(M$78:M$81)) | O80: =IF(N80="","",($B80*N$78+$C80*N$79+$D80*N$80+$E80*N$81)/SUM(N$78:N$81)) | P80: =IF(O80="","",($B80*O$78+$C80*O$79+$D80*O$80+$E80*O$81)/SUM(O$78:O$81)) | Q80: =IF(P80="","",($B80*P$78+$C80*P$79+$D80*P$80+$E80*P$81)/SUM(P$78:P$81)) | R80: =IF(Q80="","",($B80*Q$78+$C80*Q$79+$D80*Q$80+$E80*Q$81)/SUM(Q$78:Q$81)) | ... AX80: =IF(AW80="","",($B80*AW$78+$C80*AW$79+$D80*AW$80+$E80*AW$81)/SUM(AW$78:AW$81))
A81: ='Настройки'!B17 -> Концепция 4 | B81: =IF(COUNT('Эксперт 1'!B77,'Эксперт 2'!B77,'Эксперт 3'!B77,'Эксперт 4'!B77)<4,"",PRODUCT('Эксперт 1'!B77,'Эксперт 2'!B77,'Эксперт 3'!B77,'Эксперт 4'!B77)^(1/4)) | C81: =IF(COUNT('Эксперт 1'!C77,'Эксперт 2'!C77,'Эксперт 3'!C77,'Эксперт 4'!C77)<4,"",PRODUCT('Эксперт 1'!C77,'Эксперт 2'!C77,'Эксперт 3'!C77,'Эксперт 4'!C77)^(1/4)) | D81: =IF(COUNT('Эксперт 1'!D77,'Эксперт 2'!D77,'Эксперт 3'!D77,'Эксперт 4'!D77)<4,"",PRODUCT('Эксперт 1'!D77,'Эксперт 2'!D77,'Эксперт 3'!D77,'Эксперт 4'!D77)^(1/4)) | E81: =IF(COUNT('Эксперт 1'!E77,'Эксперт 2'!E77,'Эксперт 3'!E77,'Эксперт 4'!E77)<4,"",PRODUCT('Эксперт 1'!E77,'Эксперт 2'!E77,'Эксперт 3'!E77,'Эксперт 4'!E77)^(1/4)) -> 1 | F81: =IF(AX81="","",AX81/SUM(AX$78:AX$81)) | G81: =IF(F81="","",(B81*$F$78+C81*$F$79+D81*$F$80+E81*$F$81)/F81) | J81: =IF(COUNT($B$78:$E$81)<16,"",1/4) | K81: =IF(J81="","",($B81*J$78+$C81*J$79+$D81*J$80+$E81*J$81)/SUM(J$78:J$81)) | L81: =IF(K81="","",($B81*K$78+$C81*K$79+$D81*K$80+$E81*K$81)/SUM(K$78:K$81)) | M81: =IF(L81="","",($B81*L$78+$C81*L$79+$D81*L$80+$E81*L$81)/SUM(L$78:L$81)) | N81: =IF(M81="","",($B81*M$78+$C81*M$79+$D81*M$80+$E81*M$81)/SUM(M$78:M$81)) | O81: =IF(N81="","",($B81*N$78+$C81*N$79+$D81*N$80+$E81*N$81)/SUM(N$78:N$81)) | P81: =IF(O81="","",($B81*O$78+$C81*O$79+$D81*O$80+$E81*O$81)/SUM(O$78:O$81)) | Q81: =IF(P81="","",($B81*P$78+$C81*P$79+$D81*P$80+$E81*P$81)/SUM(P$78:P$81)) | R81: =IF(Q81="","",($B81*Q$78+$C81*Q$79+$D81*Q$80+$E81*Q$81)/SUM(Q$78:Q$81)) | ... AX81: =IF(AW81="","",($B81*AW$78+$C81*AW$79+$D81*AW$80+$E81*AW$81)/SUM(AW$78:AW$81))
A83: Проверка | B83: CR | C83: CI | D83: λ max | E83: Сумма весов | F83: Остаток Aw − λw
B84: =IF(COUNT(C84)=0,"",C84/'Настройки'!$B$32) | C84: =IF(D84="","",MAX(0,(D84-4)/3)) | D84: =IF(COUNT(G78:G81)<4,"",AVERAGE(G78:G81)) | E84: =IF(D84="","",SUM(F78:F81)) | F84: =IF(D84="","",MAX(ABS((G78-$D$84)*F78),ABS((G79-$D$84)*F79),ABS((G80-$D$84)*F80),ABS((G81-$D$84)*F81)))
A86: =IF(COUNT(B84)=0,"Нет оценок",IF(F84>0.00000001,"Недостаточная сходимость",IF(B84<='Настройки'!$B$31,"Согласовано","Пересмотреть сравнения"))) -> Нет оценок
A90: Эксперт 1 — критерии
A91: Элемент | B91: ='Настройки'!B21 -> Практическая полезность | C91: ='Настройки'!B22 -> Простота реализации | D91: ='Настройки'!B23 -> Удобство оценки и планирования | E91: ='Настройки'!B24 -> Интерес команды | F91: Приоритет | G91: Aw / w
A92: ='Настройки'!B21 -> Практическая полезность | B92: =IF(COUNT('Эксперт 1'!B26)=0,"",'Эксперт 1'!B26) -> 1 | C92: =IF(COUNT('Эксперт 1'!C26)=0,"",'Эксперт 1'!C26) | D92: =IF(COUNT('Эксперт 1'!D26)=0,"",'Эксперт 1'!D26) | E92: =IF(COUNT('Эксперт 1'!E26)=0,"",'Эксперт 1'!E26) | F92: =IF(AX92="","",AX92/SUM(AX$92:AX$95)) | G92: =IF(F92="","",(B92*$F$92+C92*$F$93+D92*$F$94+E92*$F$95)/F92) | J92: =IF(COUNT($B$92:$E$95)<16,"",1/4) | K92: =IF(J92="","",($B92*J$92+$C92*J$93+$D92*J$94+$E92*J$95)/SUM(J$92:J$95)) | L92: =IF(K92="","",($B92*K$92+$C92*K$93+$D92*K$94+$E92*K$95)/SUM(K$92:K$95)) | M92: =IF(L92="","",($B92*L$92+$C92*L$93+$D92*L$94+$E92*L$95)/SUM(L$92:L$95)) | N92: =IF(M92="","",($B92*M$92+$C92*M$93+$D92*M$94+$E92*M$95)/SUM(M$92:M$95)) | O92: =IF(N92="","",($B92*N$92+$C92*N$93+$D92*N$94+$E92*N$95)/SUM(N$92:N$95)) | P92: =IF(O92="","",($B92*O$92+$C92*O$93+$D92*O$94+$E92*O$95)/SUM(O$92:O$95)) | Q92: =IF(P92="","",($B92*P$92+$C92*P$93+$D92*P$94+$E92*P$95)/SUM(P$92:P$95)) | R92: =IF(Q92="","",($B92*Q$92+$C92*Q$93+$D92*Q$94+$E92*Q$95)/SUM(Q$92:Q$95)) | ... AX92: =IF(AW92="","",($B92*AW$92+$C92*AW$93+$D92*AW$94+$E92*AW$95)/SUM(AW$92:AW$95))
A93: ='Настройки'!B22 -> Простота реализации | B93: =IF(COUNT('Эксперт 1'!B27)=0,"",'Эксперт 1'!B27) | C93: =IF(COUNT('Эксперт 1'!C27)=0,"",'Эксперт 1'!C27) -> 1 | D93: =IF(COUNT('Эксперт 1'!D27)=0,"",'Эксперт 1'!D27) | E93: =IF(COUNT('Эксперт 1'!E27)=0,"",'Эксперт 1'!E27) | F93: =IF(AX93="","",AX93/SUM(AX$92:AX$95)) | G93: =IF(F93="","",(B93*$F$92+C93*$F$93+D93*$F$94+E93*$F$95)/F93) | J93: =IF(COUNT($B$92:$E$95)<16,"",1/4) | K93: =IF(J93="","",($B93*J$92+$C93*J$93+$D93*J$94+$E93*J$95)/SUM(J$92:J$95)) | L93: =IF(K93="","",($B93*K$92+$C93*K$93+$D93*K$94+$E93*K$95)/SUM(K$92:K$95)) | M93: =IF(L93="","",($B93*L$92+$C93*L$93+$D93*L$94+$E93*L$95)/SUM(L$92:L$95)) | N93: =IF(M93="","",($B93*M$92+$C93*M$93+$D93*M$94+$E93*M$95)/SUM(M$92:M$95)) | O93: =IF(N93="","",($B93*N$92+$C93*N$93+$D93*N$94+$E93*N$95)/SUM(N$92:N$95)) | P93: =IF(O93="","",($B93*O$92+$C93*O$93+$D93*O$94+$E93*O$95)/SUM(O$92:O$95)) | Q93: =IF(P93="","",($B93*P$92+$C93*P$93+$D93*P$94+$E93*P$95)/SUM(P$92:P$95)) | R93: =IF(Q93="","",($B93*Q$92+$C93*Q$93+$D93*Q$94+$E93*Q$95)/SUM(Q$92:Q$95)) | ... AX93: =IF(AW93="","",($B93*AW$92+$C93*AW$93+$D93*AW$94+$E93*AW$95)/SUM(AW$92:AW$95))
A94: ='Настройки'!B23 -> Удобство оценки и планирования | B94: =IF(COUNT('Эксперт 1'!B28)=0,"",'Эксперт 1'!B28) | C94: =IF(COUNT('Эксперт 1'!C28)=0,"",'Эксперт 1'!C28) | D94: =IF(COUNT('Эксперт 1'!D28)=0,"",'Эксперт 1'!D28) -> 1 | E94: =IF(COUNT('Эксперт 1'!E28)=0,"",'Эксперт 1'!E28) | F94: =IF(AX94="","",AX94/SUM(AX$92:AX$95)) | G94: =IF(F94="","",(B94*$F$92+C94*$F$93+D94*$F$94+E94*$F$95)/F94) | J94: =IF(COUNT($B$92:$E$95)<16,"",1/4) | K94: =IF(J94="","",($B94*J$92+$C94*J$93+$D94*J$94+$E94*J$95)/SUM(J$92:J$95)) | L94: =IF(K94="","",($B94*K$92+$C94*K$93+$D94*K$94+$E94*K$95)/SUM(K$92:K$95)) | M94: =IF(L94="","",($B94*L$92+$C94*L$93+$D94*L$94+$E94*L$95)/SUM(L$92:L$95)) | N94: =IF(M94="","",($B94*M$92+$C94*M$93+$D94*M$94+$E94*M$95)/SUM(M$92:M$95)) | O94: =IF(N94="","",($B94*N$92+$C94*N$93+$D94*N$94+$E94*N$95)/SUM(N$92:N$95)) | P94: =IF(O94="","",($B94*O$92+$C94*O$93+$D94*O$94+$E94*O$95)/SUM(O$92:O$95)) | Q94: =IF(P94="","",($B94*P$92+$C94*P$93+$D94*P$94+$E94*P$95)/SUM(P$92:P$95)) | R94: =IF(Q94="","",($B94*Q$92+$C94*Q$93+$D94*Q$94+$E94*Q$95)/SUM(Q$92:Q$95)) | ... AX94: =IF(AW94="","",($B94*AW$92+$C94*AW$93+$D94*AW$94+$E94*AW$95)/SUM(AW$92:AW$95))
A95: ='Настройки'!B24 -> Интерес команды | B95: =IF(COUNT('Эксперт 1'!B29)=0,"",'Эксперт 1'!B29) | C95: =IF(COUNT('Эксперт 1'!C29)=0,"",'Эксперт 1'!C29) | D95: =IF(COUNT('Эксперт 1'!D29)=0,"",'Эксперт 1'!D29) | E95: =IF(COUNT('Эксперт 1'!E29)=0,"",'Эксперт 1'!E29) -> 1 | F95: =IF(AX95="","",AX95/SUM(AX$92:AX$95)) | G95: =IF(F95="","",(B95*$F$92+C95*$F$93+D95*$F$94+E95*$F$95)/F95) | J95: =IF(COUNT($B$92:$E$95)<16,"",1/4) | K95: =IF(J95="","",($B95*J$92+$C95*J$93+$D95*J$94+$E95*J$95)/SUM(J$92:J$95)) | L95: =IF(K95="","",($B95*K$92+$C95*K$93+$D95*K$94+$E95*K$95)/SUM(K$92:K$95)) | M95: =IF(L95="","",($B95*L$92+$C95*L$93+$D95*L$94+$E95*L$95)/SUM(L$92:L$95)) | N95: =IF(M95="","",($B95*M$92+$C95*M$93+$D95*M$94+$E95*M$95)/SUM(M$92:M$95)) | O95: =IF(N95="","",($B95*N$92+$C95*N$93+$D95*N$94+$E95*N$95)/SUM(N$92:N$95)) | P95: =IF(O95="","",($B95*O$92+$C95*O$93+$D95*O$94+$E95*O$95)/SUM(O$92:O$95)) | Q95: =IF(P95="","",($B95*P$92+$C95*P$93+$D95*P$94+$E95*P$95)/SUM(P$92:P$95)) | R95: =IF(Q95="","",($B95*Q$92+$C95*Q$93+$D95*Q$94+$E95*Q$95)/SUM(Q$92:Q$95)) | ... AX95: =IF(AW95="","",($B95*AW$92+$C95*AW$93+$D95*AW$94+$E95*AW$95)/SUM(AW$92:AW$95))
A97: Проверка | B97: CR | C97: CI | D97: λ max | E97: Сумма весов | F97: Остаток Aw − λw
B98: =IF(COUNT(C98)=0,"",C98/'Настройки'!$B$32) | C98: =IF(D98="","",MAX(0,(D98-4)/3)) | D98: =IF(COUNT(G92:G95)<4,"",AVERAGE(G92:G95)) | E98: =IF(D98="","",SUM(F92:F95)) | F98: =IF(D98="","",MAX(ABS((G92-$D$98)*F92),ABS((G93-$D$98)*F93),ABS((G94-$D$98)*F94),ABS((G95-$D$98)*F95)))
A100: =IF(COUNT(B98)=0,"Нет оценок",IF(F98>0.00000001,"Недостаточная сходимость",IF(B98<='Настройки'!$B$31,"Согласовано","Пересмотреть сравнения"))) -> Нет оценок
A104: Эксперт 1 — проекты по K1
A105: Элемент | B105: ='Настройки'!B14 -> Детейлинг-центр | C105: ='Настройки'!B15 -> Планировщик покупок | D105: ='Настройки'!B16 -> Концепция 3 | E105: ='Настройки'!B17 -> Концепция 4 | F105: Приоритет | G105: Aw / w
A106: ='Настройки'!B14 -> Детейлинг-центр | B106: =IF(COUNT('Эксперт 1'!B38)=0,"",'Эксперт 1'!B38) -> 1 | C106: =IF(COUNT('Эксперт 1'!C38)=0,"",'Эксперт 1'!C38) | D106: =IF(COUNT('Эксперт 1'!D38)=0,"",'Эксперт 1'!D38) | E106: =IF(COUNT('Эксперт 1'!E38)=0,"",'Эксперт 1'!E38) | F106: =IF(AX106="","",AX106/SUM(AX$106:AX$109)) | G106: =IF(F106="","",(B106*$F$106+C106*$F$107+D106*$F$108+E106*$F$109)/F106) | J106: =IF(COUNT($B$106:$E$109)<16,"",1/4) | K106: =IF(J106="","",($B106*J$106+$C106*J$107+$D106*J$108+$E106*J$109)/SUM(J$106:J$109)) | L106: =IF(K106="","",($B106*K$106+$C106*K$107+$D106*K$108+$E106*K$109)/SUM(K$106:K$109)) | M106: =IF(L106="","",($B106*L$106+$C106*L$107+$D106*L$108+$E106*L$109)/SUM(L$106:L$109)) | N106: =IF(M106="","",($B106*M$106+$C106*M$107+$D106*M$108+$E106*M$109)/SUM(M$106:M$109)) | O106: =IF(N106="","",($B106*N$106+$C106*N$107+$D106*N$108+$E106*N$109)/SUM(N$106:N$109)) | P106: =IF(O106="","",($B106*O$106+$C106*O$107+$D106*O$108+$E106*O$109)/SUM(O$106:O$109)) | Q106: =IF(P106="","",($B106*P$106+$C106*P$107+$D106*P$108+$E106*P$109)/SUM(P$106:P$109)) | R106: =IF(Q106="","",($B106*Q$106+$C106*Q$107+$D106*Q$108+$E106*Q$109)/SUM(Q$106:Q$109)) | ... AX106: =IF(AW106="","",($B106*AW$106+$C106*AW$107+$D106*AW$108+$E106*AW$109)/SUM(AW$106:AW$109))
A107: ='Настройки'!B15 -> Планировщик покупок | B107: =IF(COUNT('Эксперт 1'!B39)=0,"",'Эксперт 1'!B39) | C107: =IF(COUNT('Эксперт 1'!C39)=0,"",'Эксперт 1'!C39) -> 1 | D107: =IF(COUNT('Эксперт 1'!D39)=0,"",'Эксперт 1'!D39) | E107: =IF(COUNT('Эксперт 1'!E39)=0,"",'Эксперт 1'!E39) | F107: =IF(AX107="","",AX107/SUM(AX$106:AX$109)) | G107: =IF(F107="","",(B107*$F$106+C107*$F$107+D107*$F$108+E107*$F$109)/F107) | J107: =IF(COUNT($B$106:$E$109)<16,"",1/4) | K107: =IF(J107="","",($B107*J$106+$C107*J$107+$D107*J$108+$E107*J$109)/SUM(J$106:J$109)) | L107: =IF(K107="","",($B107*K$106+$C107*K$107+$D107*K$108+$E107*K$109)/SUM(K$106:K$109)) | M107: =IF(L107="","",($B107*L$106+$C107*L$107+$D107*L$108+$E107*L$109)/SUM(L$106:L$109)) | N107: =IF(M107="","",($B107*M$106+$C107*M$107+$D107*M$108+$E107*M$109)/SUM(M$106:M$109)) | O107: =IF(N107="","",($B107*N$106+$C107*N$107+$D107*N$108+$E107*N$109)/SUM(N$106:N$109)) | P107: =IF(O107="","",($B107*O$106+$C107*O$107+$D107*O$108+$E107*O$109)/SUM(O$106:O$109)) | Q107: =IF(P107="","",($B107*P$106+$C107*P$107+$D107*P$108+$E107*P$109)/SUM(P$106:P$109)) | R107: =IF(Q107="","",($B107*Q$106+$C107*Q$107+$D107*Q$108+$E107*Q$109)/SUM(Q$106:Q$109)) | ... AX107: =IF(AW107="","",($B107*AW$106+$C107*AW$107+$D107*AW$108+$E107*AW$109)/SUM(AW$106:AW$109))
A108: ='Настройки'!B16 -> Концепция 3 | B108: =IF(COUNT('Эксперт 1'!B40)=0,"",'Эксперт 1'!B40) | C108: =IF(COUNT('Эксперт 1'!C40)=0,"",'Эксперт 1'!C40) | D108: =IF(COUNT('Эксперт 1'!D40)=0,"",'Эксперт 1'!D40) -> 1 | E108: =IF(COUNT('Эксперт 1'!E40)=0,"",'Эксперт 1'!E40) | F108: =IF(AX108="","",AX108/SUM(AX$106:AX$109)) | G108: =IF(F108="","",(B108*$F$106+C108*$F$107+D108*$F$108+E108*$F$109)/F108) | J108: =IF(COUNT($B$106:$E$109)<16,"",1/4) | K108: =IF(J108="","",($B108*J$106+$C108*J$107+$D108*J$108+$E108*J$109)/SUM(J$106:J$109)) | L108: =IF(K108="","",($B108*K$106+$C108*K$107+$D108*K$108+$E108*K$109)/SUM(K$106:K$109)) | M108: =IF(L108="","",($B108*L$106+$C108*L$107+$D108*L$108+$E108*L$109)/SUM(L$106:L$109)) | N108: =IF(M108="","",($B108*M$106+$C108*M$107+$D108*M$108+$E108*M$109)/SUM(M$106:M$109)) | O108: =IF(N108="","",($B108*N$106+$C108*N$107+$D108*N$108+$E108*N$109)/SUM(N$106:N$109)) | P108: =IF(O108="","",($B108*O$106+$C108*O$107+$D108*O$108+$E108*O$109)/SUM(O$106:O$109)) | Q108: =IF(P108="","",($B108*P$106+$C108*P$107+$D108*P$108+$E108*P$109)/SUM(P$106:P$109)) | R108: =IF(Q108="","",($B108*Q$106+$C108*Q$107+$D108*Q$108+$E108*Q$109)/SUM(Q$106:Q$109)) | ... AX108: =IF(AW108="","",($B108*AW$106+$C108*AW$107+$D108*AW$108+$E108*AW$109)/SUM(AW$106:AW$109))
A109: ='Настройки'!B17 -> Концепция 4 | B109: =IF(COUNT('Эксперт 1'!B41)=0,"",'Эксперт 1'!B41) | C109: =IF(COUNT('Эксперт 1'!C41)=0,"",'Эксперт 1'!C41) | D109: =IF(COUNT('Эксперт 1'!D41)=0,"",'Эксперт 1'!D41) | E109: =IF(COUNT('Эксперт 1'!E41)=0,"",'Эксперт 1'!E41) -> 1 | F109: =IF(AX109="","",AX109/SUM(AX$106:AX$109)) | G109: =IF(F109="","",(B109*$F$106+C109*$F$107+D109*$F$108+E109*$F$109)/F109) | J109: =IF(COUNT($B$106:$E$109)<16,"",1/4) | K109: =IF(J109="","",($B109*J$106+$C109*J$107+$D109*J$108+$E109*J$109)/SUM(J$106:J$109)) | L109: =IF(K109="","",($B109*K$106+$C109*K$107+$D109*K$108+$E109*K$109)/SUM(K$106:K$109)) | M109: =IF(L109="","",($B109*L$106+$C109*L$107+$D109*L$108+$E109*L$109)/SUM(L$106:L$109)) | N109: =IF(M109="","",($B109*M$106+$C109*M$107+$D109*M$108+$E109*M$109)/SUM(M$106:M$109)) | O109: =IF(N109="","",($B109*N$106+$C109*N$107+$D109*N$108+$E109*N$109)/SUM(N$106:N$109)) | P109: =IF(O109="","",($B109*O$106+$C109*O$107+$D109*O$108+$E109*O$109)/SUM(O$106:O$109)) | Q109: =IF(P109="","",($B109*P$106+$C109*P$107+$D109*P$108+$E109*P$109)/SUM(P$106:P$109)) | R109: =IF(Q109="","",($B109*Q$106+$C109*Q$107+$D109*Q$108+$E109*Q$109)/SUM(Q$106:Q$109)) | ... AX109: =IF(AW109="","",($B109*AW$106+$C109*AW$107+$D109*AW$108+$E109*AW$109)/SUM(AW$106:AW$109))
A111: Проверка | B111: CR | C111: CI | D111: λ max | E111: Сумма весов | F111: Остаток Aw − λw
B112: =IF(COUNT(C112)=0,"",C112/'Настройки'!$B$32) | C112: =IF(D112="","",MAX(0,(D112-4)/3)) | D112: =IF(COUNT(G106:G109)<4,"",AVERAGE(G106:G109)) | E112: =IF(D112="","",SUM(F106:F109)) | F112: =IF(D112="","",MAX(ABS((G106-$D$112)*F106),ABS((G107-$D$112)*F107),ABS((G108-$D$112)*F108),ABS((G109-$D$112)*F109)))
A114: =IF(COUNT(B112)=0,"Нет оценок",IF(F112>0.00000001,"Недостаточная сходимость",IF(B112<='Настройки'!$B$31,"Согласовано","Пересмотреть сравнения"))) -> Нет оценок
A118: Эксперт 1 — проекты по K2
A119: Элемент | B119: ='Настройки'!B14 -> Детейлинг-центр | C119: ='Настройки'!B15 -> Планировщик покупок | D119: ='Настройки'!B16 -> Концепция 3 | E119: ='Настройки'!B17 -> Концепция 4 | F119: Приоритет | G119: Aw / w
A120: ='Настройки'!B14 -> Детейлинг-центр | B120: =IF(COUNT('Эксперт 1'!B50)=0,"",'Эксперт 1'!B50) -> 1 | C120: =IF(COUNT('Эксперт 1'!C50)=0,"",'Эксперт 1'!C50) | D120: =IF(COUNT('Эксперт 1'!D50)=0,"",'Эксперт 1'!D50) | E120: =IF(COUNT('Эксперт 1'!E50)=0,"",'Эксперт 1'!E50) | F120: =IF(AX120="","",AX120/SUM(AX$120:AX$123)) | G120: =IF(F120="","",(B120*$F$120+C120*$F$121+D120*$F$122+E120*$F$123)/F120) | J120: =IF(COUNT($B$120:$E$123)<16,"",1/4) | K120: =IF(J120="","",($B120*J$120+$C120*J$121+$D120*J$122+$E120*J$123)/SUM(J$120:J$123)) | L120: =IF(K120="","",($B120*K$120+$C120*K$121+$D120*K$122+$E120*K$123)/SUM(K$120:K$123)) | M120: =IF(L120="","",($B120*L$120+$C120*L$121+$D120*L$122+$E120*L$123)/SUM(L$120:L$123)) | N120: =IF(M120="","",($B120*M$120+$C120*M$121+$D120*M$122+$E120*M$123)/SUM(M$120:M$123)) | O120: =IF(N120="","",($B120*N$120+$C120*N$121+$D120*N$122+$E120*N$123)/SUM(N$120:N$123)) | P120: =IF(O120="","",($B120*O$120+$C120*O$121+$D120*O$122+$E120*O$123)/SUM(O$120:O$123)) | Q120: =IF(P120="","",($B120*P$120+$C120*P$121+$D120*P$122+$E120*P$123)/SUM(P$120:P$123)) | R120: =IF(Q120="","",($B120*Q$120+$C120*Q$121+$D120*Q$122+$E120*Q$123)/SUM(Q$120:Q$123)) | ... AX120: =IF(AW120="","",($B120*AW$120+$C120*AW$121+$D120*AW$122+$E120*AW$123)/SUM(AW$120:AW$123))
A121: ='Настройки'!B15 -> Планировщик покупок | B121: =IF(COUNT('Эксперт 1'!B51)=0,"",'Эксперт 1'!B51) | C121: =IF(COUNT('Эксперт 1'!C51)=0,"",'Эксперт 1'!C51) -> 1 | D121: =IF(COUNT('Эксперт 1'!D51)=0,"",'Эксперт 1'!D51) | E121: =IF(COUNT('Эксперт 1'!E51)=0,"",'Эксперт 1'!E51) | F121: =IF(AX121="","",AX121/SUM(AX$120:AX$123)) | G121: =IF(F121="","",(B121*$F$120+C121*$F$121+D121*$F$122+E121*$F$123)/F121) | J121: =IF(COUNT($B$120:$E$123)<16,"",1/4) | K121: =IF(J121="","",($B121*J$120+$C121*J$121+$D121*J$122+$E121*J$123)/SUM(J$120:J$123)) | L121: =IF(K121="","",($B121*K$120+$C121*K$121+$D121*K$122+$E121*K$123)/SUM(K$120:K$123)) | M121: =IF(L121="","",($B121*L$120+$C121*L$121+$D121*L$122+$E121*L$123)/SUM(L$120:L$123)) | N121: =IF(M121="","",($B121*M$120+$C121*M$121+$D121*M$122+$E121*M$123)/SUM(M$120:M$123)) | O121: =IF(N121="","",($B121*N$120+$C121*N$121+$D121*N$122+$E121*N$123)/SUM(N$120:N$123)) | P121: =IF(O121="","",($B121*O$120+$C121*O$121+$D121*O$122+$E121*O$123)/SUM(O$120:O$123)) | Q121: =IF(P121="","",($B121*P$120+$C121*P$121+$D121*P$122+$E121*P$123)/SUM(P$120:P$123)) | R121: =IF(Q121="","",($B121*Q$120+$C121*Q$121+$D121*Q$122+$E121*Q$123)/SUM(Q$120:Q$123)) | ... AX121: =IF(AW121="","",($B121*AW$120+$C121*AW$121+$D121*AW$122+$E121*AW$123)/SUM(AW$120:AW$123))
A122: ='Настройки'!B16 -> Концепция 3 | B122: =IF(COUNT('Эксперт 1'!B52)=0,"",'Эксперт 1'!B52) | C122: =IF(COUNT('Эксперт 1'!C52)=0,"",'Эксперт 1'!C52) | D122: =IF(COUNT('Эксперт 1'!D52)=0,"",'Эксперт 1'!D52) -> 1 | E122: =IF(COUNT('Эксперт 1'!E52)=0,"",'Эксперт 1'!E52) | F122: =IF(AX122="","",AX122/SUM(AX$120:AX$123)) | G122: =IF(F122="","",(B122*$F$120+C122*$F$121+D122*$F$122+E122*$F$123)/F122) | J122: =IF(COUNT($B$120:$E$123)<16,"",1/4) | K122: =IF(J122="","",($B122*J$120+$C122*J$121+$D122*J$122+$E122*J$123)/SUM(J$120:J$123)) | L122: =IF(K122="","",($B122*K$120+$C122*K$121+$D122*K$122+$E122*K$123)/SUM(K$120:K$123)) | M122: =IF(L122="","",($B122*L$120+$C122*L$121+$D122*L$122+$E122*L$123)/SUM(L$120:L$123)) | N122: =IF(M122="","",($B122*M$120+$C122*M$121+$D122*M$122+$E122*M$123)/SUM(M$120:M$123)) | O122: =IF(N122="","",($B122*N$120+$C122*N$121+$D122*N$122+$E122*N$123)/SUM(N$120:N$123)) | P122: =IF(O122="","",($B122*O$120+$C122*O$121+$D122*O$122+$E122*O$123)/SUM(O$120:O$123)) | Q122: =IF(P122="","",($B122*P$120+$C122*P$121+$D122*P$122+$E122*P$123)/SUM(P$120:P$123)) | R122: =IF(Q122="","",($B122*Q$120+$C122*Q$121+$D122*Q$122+$E122*Q$123)/SUM(Q$120:Q$123)) | ... AX122: =IF(AW122="","",($B122*AW$120+$C122*AW$121+$D122*AW$122+$E122*AW$123)/SUM(AW$120:AW$123))
A123: ='Настройки'!B17 -> Концепция 4 | B123: =IF(COUNT('Эксперт 1'!B53)=0,"",'Эксперт 1'!B53) | C123: =IF(COUNT('Эксперт 1'!C53)=0,"",'Эксперт 1'!C53) | D123: =IF(COUNT('Эксперт 1'!D53)=0,"",'Эксперт 1'!D53) | E123: =IF(COUNT('Эксперт 1'!E53)=0,"",'Эксперт 1'!E53) -> 1 | F123: =IF(AX123="","",AX123/SUM(AX$120:AX$123)) | G123: =IF(F123="","",(B123*$F$120+C123*$F$121+D123*$F$122+E123*$F$123)/F123) | J123: =IF(COUNT($B$120:$E$123)<16,"",1/4) | K123: =IF(J123="","",($B123*J$120+$C123*J$121+$D123*J$122+$E123*J$123)/SUM(J$120:J$123)) | L123: =IF(K123="","",($B123*K$120+$C123*K$121+$D123*K$122+$E123*K$123)/SUM(K$120:K$123)) | M123: =IF(L123="","",($B123*L$120+$C123*L$121+$D123*L$122+$E123*L$123)/SUM(L$120:L$123)) | N123: =IF(M123="","",($B123*M$120+$C123*M$121+$D123*M$122+$E123*M$123)/SUM(M$120:M$123)) | O123: =IF(N123="","",($B123*N$120+$C123*N$121+$D123*N$122+$E123*N$123)/SUM(N$120:N$123)) | P123: =IF(O123="","",($B123*O$120+$C123*O$121+$D123*O$122+$E123*O$123)/SUM(O$120:O$123)) | Q123: =IF(P123="","",($B123*P$120+$C123*P$121+$D123*P$122+$E123*P$123)/SUM(P$120:P$123)) | R123: =IF(Q123="","",($B123*Q$120+$C123*Q$121+$D123*Q$122+$E123*Q$123)/SUM(Q$120:Q$123)) | ... AX123: =IF(AW123="","",($B123*AW$120+$C123*AW$121+$D123*AW$122+$E123*AW$123)/SUM(AW$120:AW$123))
A125: Проверка | B125: CR | C125: CI | D125: λ max | E125: Сумма весов | F125: Остаток Aw − λw
B126: =IF(COUNT(C126)=0,"",C126/'Настройки'!$B$32) | C126: =IF(D126="","",MAX(0,(D126-4)/3)) | D126: =IF(COUNT(G120:G123)<4,"",AVERAGE(G120:G123)) | E126: =IF(D126="","",SUM(F120:F123)) | F126: =IF(D126="","",MAX(ABS((G120-$D$126)*F120),ABS((G121-$D$126)*F121),ABS((G122-$D$126)*F122),ABS((G123-$D$126)*F123)))
A128: =IF(COUNT(B126)=0,"Нет оценок",IF(F126>0.00000001,"Недостаточная сходимость",IF(B126<='Настройки'!$B$31,"Согласовано","Пересмотреть сравнения"))) -> Нет оценок
A132: Эксперт 1 — проекты по K3
A133: Элемент | B133: ='Настройки'!B14 -> Детейлинг-центр | C133: ='Настройки'!B15 -> Планировщик покупок | D133: ='Настройки'!B16 -> Концепция 3 | E133: ='Настройки'!B17 -> Концепция 4 | F133: Приоритет | G133: Aw / w
A134: ='Настройки'!B14 -> Детейлинг-центр | B134: =IF(COUNT('Эксперт 1'!B62)=0,"",'Эксперт 1'!B62) -> 1 | C134: =IF(COUNT('Эксперт 1'!C62)=0,"",'Эксперт 1'!C62) | D134: =IF(COUNT('Эксперт 1'!D62)=0,"",'Эксперт 1'!D62) | E134: =IF(COUNT('Эксперт 1'!E62)=0,"",'Эксперт 1'!E62) | F134: =IF(AX134="","",AX134/SUM(AX$134:AX$137)) | G134: =IF(F134="","",(B134*$F$134+C134*$F$135+D134*$F$136+E134*$F$137)/F134) | J134: =IF(COUNT($B$134:$E$137)<16,"",1/4) | K134: =IF(J134="","",($B134*J$134+$C134*J$135+$D134*J$136+$E134*J$137)/SUM(J$134:J$137)) | L134: =IF(K134="","",($B134*K$134+$C134*K$135+$D134*K$136+$E134*K$137)/SUM(K$134:K$137)) | M134: =IF(L134="","",($B134*L$134+$C134*L$135+$D134*L$136+$E134*L$137)/SUM(L$134:L$137)) | N134: =IF(M134="","",($B134*M$134+$C134*M$135+$D134*M$136+$E134*M$137)/SUM(M$134:M$137)) | O134: =IF(N134="","",($B134*N$134+$C134*N$135+$D134*N$136+$E134*N$137)/SUM(N$134:N$137)) | P134: =IF(O134="","",($B134*O$134+$C134*O$135+$D134*O$136+$E134*O$137)/SUM(O$134:O$137)) | Q134: =IF(P134="","",($B134*P$134+$C134*P$135+$D134*P$136+$E134*P$137)/SUM(P$134:P$137)) | R134: =IF(Q134="","",($B134*Q$134+$C134*Q$135+$D134*Q$136+$E134*Q$137)/SUM(Q$134:Q$137)) | ... AX134: =IF(AW134="","",($B134*AW$134+$C134*AW$135+$D134*AW$136+$E134*AW$137)/SUM(AW$134:AW$137))
A135: ='Настройки'!B15 -> Планировщик покупок | B135: =IF(COUNT('Эксперт 1'!B63)=0,"",'Эксперт 1'!B63) | C135: =IF(COUNT('Эксперт 1'!C63)=0,"",'Эксперт 1'!C63) -> 1 | D135: =IF(COUNT('Эксперт 1'!D63)=0,"",'Эксперт 1'!D63) | E135: =IF(COUNT('Эксперт 1'!E63)=0,"",'Эксперт 1'!E63) | F135: =IF(AX135="","",AX135/SUM(AX$134:AX$137)) | G135: =IF(F135="","",(B135*$F$134+C135*$F$135+D135*$F$136+E135*$F$137)/F135) | J135: =IF(COUNT($B$134:$E$137)<16,"",1/4) | K135: =IF(J135="","",($B135*J$134+$C135*J$135+$D135*J$136+$E135*J$137)/SUM(J$134:J$137)) | L135: =IF(K135="","",($B135*K$134+$C135*K$135+$D135*K$136+$E135*K$137)/SUM(K$134:K$137)) | M135: =IF(L135="","",($B135*L$134+$C135*L$135+$D135*L$136+$E135*L$137)/SUM(L$134:L$137)) | N135: =IF(M135="","",($B135*M$134+$C135*M$135+$D135*M$136+$E135*M$137)/SUM(M$134:M$137)) | O135: =IF(N135="","",($B135*N$134+$C135*N$135+$D135*N$136+$E135*N$137)/SUM(N$134:N$137)) | P135: =IF(O135="","",($B135*O$134+$C135*O$135+$D135*O$136+$E135*O$137)/SUM(O$134:O$137)) | Q135: =IF(P135="","",($B135*P$134+$C135*P$135+$D135*P$136+$E135*P$137)/SUM(P$134:P$137)) | R135: =IF(Q135="","",($B135*Q$134+$C135*Q$135+$D135*Q$136+$E135*Q$137)/SUM(Q$134:Q$137)) | ... AX135: =IF(AW135="","",($B135*AW$134+$C135*AW$135+$D135*AW$136+$E135*AW$137)/SUM(AW$134:AW$137))
A136: ='Настройки'!B16 -> Концепция 3 | B136: =IF(COUNT('Эксперт 1'!B64)=0,"",'Эксперт 1'!B64) | C136: =IF(COUNT('Эксперт 1'!C64)=0,"",'Эксперт 1'!C64) | D136: =IF(COUNT('Эксперт 1'!D64)=0,"",'Эксперт 1'!D64) -> 1 | E136: =IF(COUNT('Эксперт 1'!E64)=0,"",'Эксперт 1'!E64) | F136: =IF(AX136="","",AX136/SUM(AX$134:AX$137)) | G136: =IF(F136="","",(B136*$F$134+C136*$F$135+D136*$F$136+E136*$F$137)/F136) | J136: =IF(COUNT($B$134:$E$137)<16,"",1/4) | K136: =IF(J136="","",($B136*J$134+$C136*J$135+$D136*J$136+$E136*J$137)/SUM(J$134:J$137)) | L136: =IF(K136="","",($B136*K$134+$C136*K$135+$D136*K$136+$E136*K$137)/SUM(K$134:K$137)) | M136: =IF(L136="","",($B136*L$134+$C136*L$135+$D136*L$136+$E136*L$137)/SUM(L$134:L$137)) | N136: =IF(M136="","",($B136*M$134+$C136*M$135+$D136*M$136+$E136*M$137)/SUM(M$134:M$137)) | O136: =IF(N136="","",($B136*N$134+$C136*N$135+$D136*N$136+$E136*N$137)/SUM(N$134:N$137)) | P136: =IF(O136="","",($B136*O$134+$C136*O$135+$D136*O$136+$E136*O$137)/SUM(O$134:O$137)) | Q136: =IF(P136="","",($B136*P$134+$C136*P$135+$D136*P$136+$E136*P$137)/SUM(P$134:P$137)) | R136: =IF(Q136="","",($B136*Q$134+$C136*Q$135+$D136*Q$136+$E136*Q$137)/SUM(Q$134:Q$137)) | ... AX136: =IF(AW136="","",($B136*AW$134+$C136*AW$135+$D136*AW$136+$E136*AW$137)/SUM(AW$134:AW$137))
A137: ='Настройки'!B17 -> Концепция 4 | B137: =IF(COUNT('Эксперт 1'!B65)=0,"",'Эксперт 1'!B65) | C137: =IF(COUNT('Эксперт 1'!C65)=0,"",'Эксперт 1'!C65) | D137: =IF(COUNT('Эксперт 1'!D65)=0,"",'Эксперт 1'!D65) | E137: =IF(COUNT('Эксперт 1'!E65)=0,"",'Эксперт 1'!E65) -> 1 | F137: =IF(AX137="","",AX137/SUM(AX$134:AX$137)) | G137: =IF(F137="","",(B137*$F$134+C137*$F$135+D137*$F$136+E137*$F$137)/F137) | J137: =IF(COUNT($B$134:$E$137)<16,"",1/4) | K137: =IF(J137="","",($B137*J$134+$C137*J$135+$D137*J$136+$E137*J$137)/SUM(J$134:J$137)) | L137: =IF(K137="","",($B137*K$134+$C137*K$135+$D137*K$136+$E137*K$137)/SUM(K$134:K$137)) | M137: =IF(L137="","",($B137*L$134+$C137*L$135+$D137*L$136+$E137*L$137)/SUM(L$134:L$137)) | N137: =IF(M137="","",($B137*M$134+$C137*M$135+$D137*M$136+$E137*M$137)/SUM(M$134:M$137)) | O137: =IF(N137="","",($B137*N$134+$C137*N$135+$D137*N$136+$E137*N$137)/SUM(N$134:N$137)) | P137: =IF(O137="","",($B137*O$134+$C137*O$135+$D137*O$136+$E137*O$137)/SUM(O$134:O$137)) | Q137: =IF(P137="","",($B137*P$134+$C137*P$135+$D137*P$136+$E137*P$137)/SUM(P$134:P$137)) | R137: =IF(Q137="","",($B137*Q$134+$C137*Q$135+$D137*Q$136+$E137*Q$137)/SUM(Q$134:Q$137)) | ... AX137: =IF(AW137="","",($B137*AW$134+$C137*AW$135+$D137*AW$136+$E137*AW$137)/SUM(AW$134:AW$137))
A139: Проверка | B139: CR | C139: CI | D139: λ max | E139: Сумма весов | F139: Остаток Aw − λw
B140: =IF(COUNT(C140)=0,"",C140/'Настройки'!$B$32) | C140: =IF(D140="","",MAX(0,(D140-4)/3)) | D140: =IF(COUNT(G134:G137)<4,"",AVERAGE(G134:G137)) | E140: =IF(D140="","",SUM(F134:F137)) | F140: =IF(D140="","",MAX(ABS((G134-$D$140)*F134),ABS((G135-$D$140)*F135),ABS((G136-$D$140)*F136),ABS((G137-$D$140)*F137)))
A142: =IF(COUNT(B140)=0,"Нет оценок",IF(F140>0.00000001,"Недостаточная сходимость",IF(B140<='Настройки'!$B$31,"Согласовано","Пересмотреть сравнения"))) -> Нет оценок
A146: Эксперт 1 — проекты по K4
A147: Элемент | B147: ='Настройки'!B14 -> Детейлинг-центр | C147: ='Настройки'!B15 -> Планировщик покупок | D147: ='Настройки'!B16 -> Концепция 3 | E147: ='Настройки'!B17 -> Концепция 4 | F147: Приоритет | G147: Aw / w
A148: ='Настройки'!B14 -> Детейлинг-центр | B148: =IF(COUNT('Эксперт 1'!B74)=0,"",'Эксперт 1'!B74) -> 1 | C148: =IF(COUNT('Эксперт 1'!C74)=0,"",'Эксперт 1'!C74) | D148: =IF(COUNT('Эксперт 1'!D74)=0,"",'Эксперт 1'!D74) | E148: =IF(COUNT('Эксперт 1'!E74)=0,"",'Эксперт 1'!E74) | F148: =IF(AX148="","",AX148/SUM(AX$148:AX$151)) | G148: =IF(F148="","",(B148*$F$148+C148*$F$149+D148*$F$150+E148*$F$151)/F148) | J148: =IF(COUNT($B$148:$E$151)<16,"",1/4) | K148: =IF(J148="","",($B148*J$148+$C148*J$149+$D148*J$150+$E148*J$151)/SUM(J$148:J$151)) | L148: =IF(K148="","",($B148*K$148+$C148*K$149+$D148*K$150+$E148*K$151)/SUM(K$148:K$151)) | M148: =IF(L148="","",($B148*L$148+$C148*L$149+$D148*L$150+$E148*L$151)/SUM(L$148:L$151)) | N148: =IF(M148="","",($B148*M$148+$C148*M$149+$D148*M$150+$E148*M$151)/SUM(M$148:M$151)) | O148: =IF(N148="","",($B148*N$148+$C148*N$149+$D148*N$150+$E148*N$151)/SUM(N$148:N$151)) | P148: =IF(O148="","",($B148*O$148+$C148*O$149+$D148*O$150+$E148*O$151)/SUM(O$148:O$151)) | Q148: =IF(P148="","",($B148*P$148+$C148*P$149+$D148*P$150+$E148*P$151)/SUM(P$148:P$151)) | R148: =IF(Q148="","",($B148*Q$148+$C148*Q$149+$D148*Q$150+$E148*Q$151)/SUM(Q$148:Q$151)) | ... AX148: =IF(AW148="","",($B148*AW$148+$C148*AW$149+$D148*AW$150+$E148*AW$151)/SUM(AW$148:AW$151))
A149: ='Настройки'!B15 -> Планировщик покупок | B149: =IF(COUNT('Эксперт 1'!B75)=0,"",'Эксперт 1'!B75) | C149: =IF(COUNT('Эксперт 1'!C75)=0,"",'Эксперт 1'!C75) -> 1 | D149: =IF(COUNT('Эксперт 1'!D75)=0,"",'Эксперт 1'!D75) | E149: =IF(COUNT('Эксперт 1'!E75)=0,"",'Эксперт 1'!E75) | F149: =IF(AX149="","",AX149/SUM(AX$148:AX$151)) | G149: =IF(F149="","",(B149*$F$148+C149*$F$149+D149*$F$150+E149*$F$151)/F149) | J149: =IF(COUNT($B$148:$E$151)<16,"",1/4) | K149: =IF(J149="","",($B149*J$148+$C149*J$149+$D149*J$150+$E149*J$151)/SUM(J$148:J$151)) | L149: =IF(K149="","",($B149*K$148+$C149*K$149+$D149*K$150+$E149*K$151)/SUM(K$148:K$151)) | M149: =IF(L149="","",($B149*L$148+$C149*L$149+$D149*L$150+$E149*L$151)/SUM(L$148:L$151)) | N149: =IF(M149="","",($B149*M$148+$C149*M$149+$D149*M$150+$E149*M$151)/SUM(M$148:M$151)) | O149: =IF(N149="","",($B149*N$148+$C149*N$149+$D149*N$150+$E149*N$151)/SUM(N$148:N$151)) | P149: =IF(O149="","",($B149*O$148+$C149*O$149+$D149*O$150+$E149*O$151)/SUM(O$148:O$151)) | Q149: =IF(P149="","",($B149*P$148+$C149*P$149+$D149*P$150+$E149*P$151)/SUM(P$148:P$151)) | R149: =IF(Q149="","",($B149*Q$148+$C149*Q$149+$D149*Q$150+$E149*Q$151)/SUM(Q$148:Q$151)) | ... AX149: =IF(AW149="","",($B149*AW$148+$C149*AW$149+$D149*AW$150+$E149*AW$151)/SUM(AW$148:AW$151))
A150: ='Настройки'!B16 -> Концепция 3 | B150: =IF(COUNT('Эксперт 1'!B76)=0,"",'Эксперт 1'!B76) | C150: =IF(COUNT('Эксперт 1'!C76)=0,"",'Эксперт 1'!C76) | D150: =IF(COUNT('Эксперт 1'!D76)=0,"",'Эксперт 1'!D76) -> 1 | E150: =IF(COUNT('Эксперт 1'!E76)=0,"",'Эксперт 1'!E76) | F150: =IF(AX150="","",AX150/SUM(AX$148:AX$151)) | G150: =IF(F150="","",(B150*$F$148+C150*$F$149+D150*$F$150+E150*$F$151)/F150) | J150: =IF(COUNT($B$148:$E$151)<16,"",1/4) | K150: =IF(J150="","",($B150*J$148+$C150*J$149+$D150*J$150+$E150*J$151)/SUM(J$148:J$151)) | L150: =IF(K150="","",($B150*K$148+$C150*K$149+$D150*K$150+$E150*K$151)/SUM(K$148:K$151)) | M150: =IF(L150="","",($B150*L$148+$C150*L$149+$D150*L$150+$E150*L$151)/SUM(L$148:L$151)) | N150: =IF(M150="","",($B150*M$148+$C150*M$149+$D150*M$150+$E150*M$151)/SUM(M$148:M$151)) | O150: =IF(N150="","",($B150*N$148+$C150*N$149+$D150*N$150+$E150*N$151)/SUM(N$148:N$151)) | P150: =IF(O150="","",($B150*O$148+$C150*O$149+$D150*O$150+$E150*O$151)/SUM(O$148:O$151)) | Q150: =IF(P150="","",($B150*P$148+$C150*P$149+$D150*P$150+$E150*P$151)/SUM(P$148:P$151)) | R150: =IF(Q150="","",($B150*Q$148+$C150*Q$149+$D150*Q$150+$E150*Q$151)/SUM(Q$148:Q$151)) | ... AX150: =IF(AW150="","",($B150*AW$148+$C150*AW$149+$D150*AW$150+$E150*AW$151)/SUM(AW$148:AW$151))
A151: ='Настройки'!B17 -> Концепция 4 | B151: =IF(COUNT('Эксперт 1'!B77)=0,"",'Эксперт 1'!B77) | C151: =IF(COUNT('Эксперт 1'!C77)=0,"",'Эксперт 1'!C77) | D151: =IF(COUNT('Эксперт 1'!D77)=0,"",'Эксперт 1'!D77) | E151: =IF(COUNT('Эксперт 1'!E77)=0,"",'Эксперт 1'!E77) -> 1 | F151: =IF(AX151="","",AX151/SUM(AX$148:AX$151)) | G151: =IF(F151="","",(B151*$F$148+C151*$F$149+D151*$F$150+E151*$F$151)/F151) | J151: =IF(COUNT($B$148:$E$151)<16,"",1/4) | K151: =IF(J151="","",($B151*J$148+$C151*J$149+$D151*J$150+$E151*J$151)/SUM(J$148:J$151)) | L151: =IF(K151="","",($B151*K$148+$C151*K$149+$D151*K$150+$E151*K$151)/SUM(K$148:K$151)) | M151: =IF(L151="","",($B151*L$148+$C151*L$149+$D151*L$150+$E151*L$151)/SUM(L$148:L$151)) | N151: =IF(M151="","",($B151*M$148+$C151*M$149+$D151*M$150+$E151*M$151)/SUM(M$148:M$151)) | O151: =IF(N151="","",($B151*N$148+$C151*N$149+$D151*N$150+$E151*N$151)/SUM(N$148:N$151)) | P151: =IF(O151="","",($B151*O$148+$C151*O$149+$D151*O$150+$E151*O$151)/SUM(O$148:O$151)) | Q151: =IF(P151="","",($B151*P$148+$C151*P$149+$D151*P$150+$E151*P$151)/SUM(P$148:P$151)) | R151: =IF(Q151="","",($B151*Q$148+$C151*Q$149+$D151*Q$150+$E151*Q$151)/SUM(Q$148:Q$151)) | ... AX151: =IF(AW151="","",($B151*AW$148+$C151*AW$149+$D151*AW$150+$E151*AW$151)/SUM(AW$148:AW$151))
A153: Проверка | B153: CR | C153: CI | D153: λ max | E153: Сумма весов | F153: Остаток Aw − λw
B154: =IF(COUNT(C154)=0,"",C154/'Настройки'!$B$32) | C154: =IF(D154="","",MAX(0,(D154-4)/3)) | D154: =IF(COUNT(G148:G151)<4,"",AVERAGE(G148:G151)) | E154: =IF(D154="","",SUM(F148:F151)) | F154: =IF(D154="","",MAX(ABS((G148-$D$154)*F148),ABS((G149-$D$154)*F149),ABS((G150-$D$154)*F150),ABS((G151-$D$154)*F151)))
A156: =IF(COUNT(B154)=0,"Нет оценок",IF(F154>0.00000001,"Недостаточная сходимость",IF(B154<='Настройки'!$B$31,"Согласовано","Пересмотреть сравнения"))) -> Нет оценок
...

Sheet Итог
A2: Выбор концепции проекта
A4: =IF(AND(B14=80,B15=120),"Оценки внесены. Проверьте согласованность МАИ.","Заполните экспертные оценки. Итог пока не рассчитан.") -> Заполните экспертные оценки. Итог пока не рассчитан.
A6: Код | B6: Концепция | C6: TOPSIS CC | D6: Место TOPSIS | E6: МАИ приоритет | F6: Место МАИ
A7: A1 | B7: ='Настройки'!B14 -> Детейлинг-центр | C7: =IF(TOPSIS!D35="","",TOPSIS!D35) | D7: =IF(TOPSIS!E35="","",TOPSIS!E35) | E7: =IF('МАИ'!G9="","",'МАИ'!G9) | F7: =IF('МАИ'!H9="","",'МАИ'!H9)
A8: A2 | B8: ='Настройки'!B15 -> Планировщик покупок | C8: =IF(TOPSIS!D36="","",TOPSIS!D36) | D8: =IF(TOPSIS!E36="","",TOPSIS!E36) | E8: =IF('МАИ'!G10="","",'МАИ'!G10) | F8: =IF('МАИ'!H10="","",'МАИ'!H10)
A9: A3 | B9: ='Настройки'!B16 -> Концепция 3 | C9: =IF(TOPSIS!D37="","",TOPSIS!D37) | D9: =IF(TOPSIS!E37="","",TOPSIS!E37) | E9: =IF('МАИ'!G11="","",'МАИ'!G11) | F9: =IF('МАИ'!H11="","",'МАИ'!H11)
A10: A4 | B10: ='Настройки'!B17 -> Концепция 4 | C10: =IF(TOPSIS!D38="","",TOPSIS!D38) | D10: =IF(TOPSIS!E38="","",TOPSIS!E38) | E10: =IF('МАИ'!G12="","",'МАИ'!G12) | F10: =IF('МАИ'!H12="","",'МАИ'!H12)
A13: Показатель | B13: Значение
A14: TOPSIS оценок / 80 | B14: =TOPSIS!B4 -> 4
A15: МАИ сравнений / 120 | B15: ='МАИ'!B4 -> 0
A16: Матриц МАИ с CR > 0,10 | B16: ='МАИ'!B5 -> 0
A19: Лидер TOPSIS | B19: {=IF(COUNT(D7:D10)<4,"Нет оценок",IF(COUNTIFS(D7:D10,1)>1,"Несколько лидеров",INDEX($B$7:$B$10,MATCH(1,D7:D10,0))))} -> Нет оценок
A20: Лидер МАИ | B20: {=IF(COUNT(F7:F10)<4,"Нет оценок",IF(COUNTIFS(F7:F10,1)>1,"Несколько лидеров",INDEX($B$7:$B$10,MATCH(1,F7:F10,0))))} -> Нет оценок
A22: Сравнение лидеров | B22: =IF(OR(COUNT(D7:D10)<4,COUNT(F7:F10)<4),"Нет оценок",IF(OR(COUNTIFS(D7:D10,1)>1,COUNTIFS(F7:F10,1)>1),"Есть ничья",IF(B19=B20,"Совпадают","Различаются"))) -> Нет оценок
A25: Результат МАИ требует пересмотра, если CR хотя бы одной матрицы превышает 0,10.
A27: Порядок: Концепции → Настройки → свой лист «Эксперт» → проверка → Итог. Учёт времени: «Журнал работ».
A30: Решение команды
A31: Выбранный проект
A32: Обоснование выбора
A33: Сопоставление рейтингов
A34: Дата решения
A35: Подтверждение участников

Sheet Инструкция
A1: Инструкция: текущий этап
A2: Что сделать сейчас | B2: Каждый участник добавляет одну свою концепцию и 4 оценки TOPSIS для неё. Образец - концепция детейлинг-центра A1 и строка B14:E14 на листе «Эксперт 1».
A3: На текущий этап | B3: Описание концепции + 12 сценариев + 4 оценки собственного проекта. По заданию допустимо 10–15 сценариев; у детейлинга их 12. Это подготовительный этап, а не завершённый расчёт двух методов.
A4: Шаг / участник | B4: Точное место и действие
A5: 1. Найти свой блок | B5: Ниже указано, куда каждый добавляет свою концепцию и оценки. ФИО уже внесены; оценки других участников не изменяйте.
A6: Дмитрий / A1 | B6: Кветкин Дмитрий Евгеньевич: концепция «Концепции» A5:D31; название «Настройки» B14; оценки «Эксперт 1» B14:E14. Этот объём уже заполнен.
A7: Николай / A2 | B7: Колбасин Николай Владимирович: описание на «Концепции» B36:B43; 12 сценариев B45:D56; короткое название на «Настройки» B15; 4 оценки на «Эксперт 2» B15:E15.
A8: Михаил / A3 | B8: Добросоцкий Михаил Сергеевич: описание на «Концепции» B64:B71; 12 сценариев B73:D84; короткое название на «Настройки» B16; 4 оценки на «Эксперт 3» B16:E16.
A9: Максим / A4 | B9: Катаев Максим Игоревич: описание на «Концепции» B92:B99; 12 сценариев B101:D112; короткое название на «Настройки» B17; 4 оценки на «Эксперт 4» B17:E17.
A10: 2. Внести название | B10: В своей ячейке на «Настройках» замените «Концепция 2/3/4» коротким названием приложения. Название для рейтингов на других листах обновится автоматически.
A11: 3. Описать концепцию | B11: В своём блоке на «Концепциях» заполните жёлтые поля: полное название, ФИО автора, назначение, пользователи, минимальная версия, исключения, упрощения/правила и состояние описания. Формулировка состояния: «Предложена для сравнения».
A12: Пример назначения | B12: Детейлинг: «Запись клиентов на услуги, распределение заказов между мастерами и отслеживание выполнения».
A13: Пример границ | B13: Детейлинг: входит веб-приложение одного центра с каталогом, расписанием, заказами и отчётом. Не входят онлайн-оплата, склад, бухгалтерские интеграции, SMS и мобильное приложение.
... A33: Метод МАИ | B33: Суждения 4 участников агрегируются геометрическим средним с равными весами. Приоритеты - главный собственный вектор. RI = 0,90 для матриц 4×4; вспомогательные итерации находятся в скрытых столбцах J:AX листа «МАИ».

Sheet Журнал работ
A1: Журнал работ команды
A2: Одна строка - работа одного участника по задаче. Записывайте фактические даты и часы, включая обсуждения и изучение методов. При общей встрече каждый записывает своё время.
G3: Всего человеко-часов | H3: =SUM(F5:F104) -> 0
A4: ID задачи | B4: Задача | C4: Исполнитель | D4: Начало | E4: Окончание | F4: Часы | G4: Результат / ячейки | H4: Статус | I4: Ответственный за результат
